"Hickman County Senior Citizens","10,000",
"Hickman County Chamber of Commerce","25,000",
"Women Are Safe","5,000",
"Davis House Child Advocacy Center","10,000",
"Hickman Humane Society","5,000",
"Shady Grove Community Center","5,000",
"Bernard Community Club, Inc.","5,000",
"Total","$65,000.00",
"51100 County Commission","53,600",
"51210 Board of Equalization","3,500",
"51220 Beer Board","1,000",
"51300 County Mayor","153,031",
"51400 County Attorney","40,000",
"51500 Election Commission(Including Voter Registration)","725,837",
"51600 Register of Deeds","186,602",
"51720 Planning","227,837",
"51800 County Building","448,180",
"51810 Other Facilities","429,000",
"51900 Other General Administration","127,325",
"51910 Preservation of Records","43,238",
"52100 Accounting and Budgeting","324,370",
"52300 Property Assessor's Office","308,662",
"52400 County Trustee's Office","248,587",
"52500 County Clerk's Office","325,026",
"53100 Circuit Court","357,593",
"53300 General Sessions Court","243,458",
"53310 General Sessions Judge","4,000",
"53400 Chancery Court","195,320",
"53700 Judicial Commissioners","63,211",
"53920 Courtroom Security","0",
"54110 Sheriff's Department","2,903,020",
"54160 Adm. Of Sexual Offender Registry","7,500",
"54210 Jail","1,763,929",
"54310 Fire Prevention and Control","20,500",
"54320 Rural Fire Protection","150,000",
"54410 Civil Defense","218,133",
"54610 County Coroner/Medical Examiner","58,000",
"55110 Local Health Center","50,601",
"55130 Ambulance/Emergency Medical Services","2,696,608",
"55170 Alcohol and Drug Programs","22,886",
"55190 Other Local Health Services","229,150",
"55900 Other Public Health Services","5,707",
"56500 Libraries","258,335",
"56700 Parks and Fair Boards","3,000",
"57100 Agriculture Extension Services","73,636",
"57500 Soil Conservation","34,558",
"58110 Tourism","1,200",
"58120 Industrial Development","75,204",
"58300 Veterans Service","41,873",
"58400 Other Charges","730,850",
"58600 Employee Benefits","3,494,470",
"58801 Covid 19 Grant# 1 - Dept. of Health Drug Room","100,000",
"58900 Miscellaneous","144,020",
"99100 Transfers to Other Funds","100,000",
"Total General Fund","17,692,557",
"DRUG CONTROL FUND","",
"54110 Sheriff's Department","10,000",
"Total Drug Control Fund","10,000",
"ADEQUATE FACILITIES TAX FUND","",
"51730 Adequate Facilities-Trustee Commission","3,000",
"99100 Transfers to Other Funds","0",
"Total Adequate Facilities Fund","3,000",
"AMERICAN RESCUE PLAN ACT GRANT #7 (SLFRF)","",
"58837 American Rescue Plan Grant (SLRF)","2,632,552",
"58841 American Rescue Plan Grant #A (Health Dept)","510,900",
"58442 American Rescue Plan Act Grant #B (TDEC BALUD)","225,000",
"Total American Rescue Plan Fund","3,368,452",
"HIGHWAY/PUBLIC WORKS FUND","",
"61000 Administration","319,012",
"62000 Highway and Bridge Maintenance","3,150,311",
"63100 Operation and Maintenance of Equipment","724,500",
"65000 Other Charges","125,500",
"66000 Employee Benefits","986,100",
"68000 Capital Outlay","3,258,000",
"99100 Transfers to Other Funds","143,655",
"Total Highway/Public Works Fund","8,707,078",
"GENERAL PURPOSE SCHOOL FUND","",
"71000 Instruction","",
"71100 Regular Instruction Program","16,377,394",
"71150 Alternative Instruction Program","288,810",
"71200 Special Education Program","3,720,911",
"71300 Vocational Education Program","1,337,238",
"72000 Support Services","",
"72110 Attendance","189,631",
"72120 Health Services","660,690",
"72130 Other Student Support","1,124,190",
"72210 Regular Instruction Program","1,476,210",
"72220 Special Education Program","133,398",
"72230 Vocational Education Program","212,557",
"72250 Technology","451,592",
"72290 Other Programs","35,000",
"72310 Board of Education","716,203",
"72320 Director of Schools","328,338",
"72410 Office of Principals","2,014,392",
"72510 Fiscal Services","50,000",
"72610 Operation of Plant","2,567,000",
"72620 Maintenance of Plant","1,333,258",
"72710 Transportation","2,546,304",
"72810 Central and Other","406,863",
"73000 Operation of Non-Instructional Services","",
"73100 Food Service","43,016",
"73300 Community Services","154,634",
"73400 Early Childhood Education","525,088",
"76000 Capital Outlay","",
"76100 Regular Capital Outlay","2,011,000",
"99100 Transfers Out","0",
"Total General Purpose School Fund","38,703,717",
"GENERAL CAFETERIA FUND","",
"73100 Food Services","2,899,494",
"Total Central Cafeteria Fund","2,899,494",
"GENERAL DEBT SERVICE FUND","",
"82110 Principal-General Government","577,487",
"82120 Principal-Highway and Streets","164,100",
"82130 Principal-Education","1,449,147",
"82210 Interest-General Government","161,454",
"82220 Interest-Highway and Streets","32,875",
"82230 Interest-Education","297,230",
"82310 Other-General Government","66,608",
"82330 Other-Education","47,578",
"99100 Transfers to Other Funds","0",
"Total General Debt Service Fund","2,796,479",
"55710 Sanitation Management","1,972,824",
"64000 Litter and Trash Collection","49,300",
"91140 Public Health and Welfare","56,000",
"","2,078,124",
"SPONSORS:","Carle Mar",
"Dusty Jordan District 5","Carla Moore, District 6",
"BOARD ACTION: 12 Aye","/ Nay & Pass Absent",
"KNAA","XX COMPUTER",
"Keith Nash, Chairman","Casey Dorton, County Clerk",
"Fund","Estimated Beginning Fund Balance 7/1/2023","Estimated Revenue","Transfers In","Estimated Total Available Funds","Estimated Expenditures","Transfers Out","Total Appropriations","Estimated Ending Fund Balance 6/30/2024",
"General","6,400,000","14,981,338","35,000","21,416,338","17,592,557","100,000","17,692,557","3,723,781",
"Drug Control","54,000","53,000","0","107,000","10,000","0","10,000","97,000",
"Adequate Facilities Tax","771,000","260,000","0","1,031,000","3,000","0","3,000","1,028,000",
"American Rescue Plan(SLFRF)","4,040,000","609,000","0","4,649,000","3,368,452","0","3,368,452","1,280,548",
"Highway/Public Works","2,100,000","7,698,264","75,000","9,873,264","8,563,423","143,655","8,707,078","1,166,186",
"General Debt Service","3,900,000","2,975,663","296,975","7,172,638","2,796,479","0","2,796,479","4,376,159",
"General Purpose School","12,015,861","30,929,049","25,000","42,969,910","38,703,717","0","38,703,717","4,266,193",
"Central Cafeteria","412,524","2,486,970","0","2,899,494","2,899,494","0","2,899,494","0",
"Solid Waste Disposal","700,000","1,629,300","0","2,329,300","2,078,124","0","2,078,124","251,176",
"Totals","30,393,385","61,622,584","431,975","92,447,944","76,015,246","243,655","76,258,901","16,189,043",
"General","1.6924",
"Highway/Public Works","0.0571",
"General Purpose Schools","0.5666",
"General Debt Service","0.0163",
"Total","2.3324",
"Fund","Proposed Tax Rate","Amount of Tax Levy","7.00% Reserve for Delinquency","Estimated Collection of Taxes",
"General","$1.6924","9,554,608","668,823","8,885,785",
"Highway/Public Works","$0.0571","322,364","22,565","299,798",
"General Purpose School","$0.5666","3,198,795","223,916","2,974,879",
"General Debt Service","$0.0163","92,023","6,442","85,582",
"Total","$2.3324","13,167,790","921,746","12,246,045",
"Account No. Description","Actual 2021-2022","Original Estimated 2022-2023","Estimated 2023-2024",
"ESTIMATED REVENUES","","","",
"40000 LOCAL TAXES","","","",
"40100 County Property Taxes","","","",
"40110 Current Property Taxes","8,628,268","8,420,387","8,885,785",
"40120 Trustees Collection Prior Year","179,295","195,000","179,000",
"40125 Trustees Collection-Bankruptcy","4,031","4,000","2,000",
"40130 Clerk & Master Prior Years","119,579","116,000","116,000",
"40140 Interest and Penalty","38,720","40,000","40,000",
"40161 Payments in Lieu of Taxes TVA","8,321","9,000","9,000",
"40162 Payments in Lieu of Taxes-Loc Utilities","50,485","31,000","31,000",
"40163 Payments in Lieu of Taxes-Other","21,860","19,675","15,000",
"Total County Property Taxes","9,050,559","8,835,062","9,277,785",
"40200 County Local Option Taxes","","","",
"40220 Hotel/Motel Tax","33,984","32,000","50,000",
"40250 Litigation Tax General","84,475","70,000","84,000",
"40260 Litigation Tax-Special Purpose","11,157","10,000","11,000",
"40266 Litigation Tax-Jail, Workhouse, Courthouse","76,324","65,000","75,000",
"40267 Litigation Tax-Victim Offender","5,010","3,000","5,000",
"40270 Business Tax","121,599","92,000","115,000",
"40275 Mixed Drink Tax","542","300","1,000",
"Total County Local Option Taxes","333,091","272,300","341,000",
"40300 Statutory Local Taxes","","","",
"40320 Bank Excise Tax","44,529","30,000","4,000",
"40330 Wholesale Beer Tax","227,143","230,000","230,000",
"40390 Other Statutory Local Taxes","4,380","4,400","4,400",
"Total Local Option Taxes","276,052","264,400","238,400",
"TOTAL LOCAL TAXES","9,659,702","9,371,762","9,857,185",
"41000 LICENSES AND PERMITS","","","",
"41100 Licenses","","","",
"41140 Cable TV Franchise","51,870","49,000","49,000",
"41500 Permits","","","",
"41510 Beer Permits","3,729","3,500","3,500",
"41520 Building Permits","113,220","100,000","108,000",
"TOTAL LICENSES AND PERMITS","168,819","152,500","160,500",
"Account No. Description","Actual 2021-2022","Original Estimated 2022-2023","Estimated 2023-2024",
"42110 Fines","5,012","4,200","3,000",
"42120 Officers Cost","2,666","2,500","1,800",
"42141 Drug Court Fees","742","650","650",
"42150 Jail Fees","679","700","700",
"42180 DUI Treatment Fines","475","350","600",
"42190 Data Entry Fee-Circuit Court","394","300","400",
"Total Circuit Court","9,968","8,700","7,150",
"42200 Criminal Court","","","",
"42280 DUI Treatment Fines","542","400","400",
"Total Criminal Court","542","400","400",
"42300 General Sessions Court","","","",
"42310 Fines","7,353","8,000","10,000",
"42320 Officers Cost","28,091","23,000","29,000",
"42330 Game and Fish Fines","245","300","150",
"42341 Drug Court Fees","2,097","1,600","2,000",
"42350 Jail Fees","6,904","6,500","7,000",
"42380 DUI Treatment Fines","1,995","2,000","3,000",
"42390 Data Entry Fee-General Sessions","11,714","9,500","11,700",
"Total General Sessions Court","58,399","50,900","62,850",
"42500 Chancery Court","","","",
"42520 Officers Costs","1,817","1,500","800",
"42530 Data Entry Fee-Chancery Court","2,900","3,000","3,000",
"Total Chancery Court","4,717","4,500","3,800",
"42800 Judicial District Drug Program","","","",
"42871 Courtroom Security Fee","9,378","8,000","8,000",
"Total Judicial District Drug Program","9,378","8,000","8,000",
"42900 Other Fines, Forfeitures, and Seizures","","","",
"42910 Proceeds from Confiscated Property","1,664","1,800","2,500",
"42990 Other Fines, Forfeitures, and Penalties","388","1,500","400",
"Total Other Fines, Forfeitures and Seizures","2,052","3,300","2,900",
"TOTAL FINES, FORFEITURES AND PENALTIES","85,056","75,800","85,100",
"43000 CHARGES FOR CURRENT SERVICES","","","",
"43100 General Services","","","",
"43102 Other Employee Benefit Charges/Contrib","42,174","25,000","25,000",
"43120 Patient Charges","1,097,303","1,200,000","1,200,000",
"Total Charges for General Services","1,139,477","1,225,000","1,225,000",
"Account No. Description","Actual 2021-2022","Original Estimated 2022-2023","Estimated 2023-2024",
"43300 Fees","","","",
"43350 Copy Fees","2,986","1,700","2,000",
"43350-LIB Copy Fees-Library","6,085","5,000","5,000",
"43360 Library Fees","899","800","2,000",
"43365 Archives and Records Management Fees","15,164","12,000","15,000",
"43370 Telephone Commissions","27,126","25,000","50,000",
"43383 Additional Fees-Titling and Registration","0","0","15,000",
"43392 Data Processing Fees Register","13,894","14,000","13,000",
"43393 Probation Fees","1,526","1,300","1,500",
"43394 Data Processing Fees-Sheriff","186","150","100",
"43395 Sexual Offenders Registration Fees-Sheriff","5,700","5,500","5,500",
"43396 Data Processing Fee-County Clerk","705","600","700",
"43399 Vehicle Insurance Coverage and Reinstatement Fee","1,330","1,000","1,200",
"Total Charges for Fees","75,601","67,050","111,000",
"TOTAL CHARGES FOR CURRENT SERVICES","1,215,078","1,292,050","1,336,000",
"44000 OTHER LOCAL REVENUES","","","",
"44100 Recurring items","","","",
"44110 Investment Income","758","1,000","1,000",
"44110-LIB Investment Income-Library","1,365","1,500","500",
"44120 Lease/Rentals","4,081","5,000","4,081",
"44131 Commissary Sales","14,321","15,000","13,000",
"44170 Miscellaneous Refunds","43,261","12,000","12,000",
"Total Recurring Items","63,786","34,500","30,581",
"44500 Nonrecurring Items","","","",
"44530 Sale of Equipment","12,720","0","0",
"44530-AMB Sale of Equipment-Ambulance Service","0","0","0",
"44540 Sale of Property","0","0","0",
"44570 Contributions and Gifts","0","0","0",
"44570-AMB Contributions and Gifts-Ambulance Service","0","0","0",
"44570-LIB Contributions and Gifts-Library","5,405","2,500","1,500",
"44990 Other Local Revenue","0","0","0",
"44990-LIB Other Local Revenue-Library","1,410","0","1,400",
"Total Nonrecurring Items","19,535","2,500","2,900",
"TOTAL OTHER LOCAL REVENUES","83,321","37,000","33,481",
"45000 FEES RECEIVED FROM COUNTY OFFICALS","","","",
"45100 Excess Fees","","","",
"45160 Juvenile Court Clerk","7,546","0","6,000",
"45500 Fees in Lieu of Salary","","","",
"45510 County Clerk","267,026","260,000","265,000",
"45520 Circuit Court Clerk","22,180","18,000","18,000",
"45540 General Sessions Court Clerk","186,283","140,000","180,000",
"Account No. Description","Actual 2021-2022","Original Estimated 2022-2023","Estimated 2023-2024",
"45550 Clerk & Master","95,328","100,000","90,000",
"45560 Juvenile Court Clerk","0","6,700","0",
"45580 Register","173,467","165,000","160,000",
"45590 Sheriff","19,690","20,000","20,000",
"45610 Trustee","436,525","422,000","440,000",
"TOTAL FEES RECEIVED FROM COUNTY OFFICIALS","1,208,045","1,131,700","1,179,000",
"46000 STATE OF TENNESSEE","","","",
"46100 General Government Grants","","","",
"46110 Juvenile Service Program","9,000","9,000","9,000",
"Total General Government Grants","9,000","9,000","9,000",
"46200 Public Safety Grants","","","",
"46210 Law Enforcement Training Programs","19,200","29,000","29,000",
"46290 Other Public Safety Grants","0","0","0",
"46290-TCI Other Public Safety Grants-TN Correction Institute","0","0","0",
"Total Public Safety Grants","19,200","29,000","29,000",
"46300 Health and Welfare Grants","","","",
"46310 Health Department Programs","260,219","295,190","324,190",
"46390 Other Health and Welfare Grants","0","0","0",
"Total Health and Welfare Grants","260,219","295,190","324,190",
"46800 Other State Revenues","","","",
"46820 Income Tax","3,405","10,000","3,405",
"46830 Beer Tax","19,194","18,000","19,000",
"46835 Vehicle Certificates of Title Fees","7,144","7,000","7,000",
"46840 Alcoholic Beverage Tax","95,197","93,000","95,000",
"46851 State Revenue Sharing-TVA","555,572","554,000","647,556",
"46852 State Revenue Sharing-Telecommunications","66,148","60,000","57,000",
"46855 State Shared Sports Gaming","20,672","1,800","30,000",
"46915 Contracted Prisoner Boarding","103,935","100,000","150,000",
"46960 Registrar's Salary Supplement","11,373","15,164","15,164",
"46980 Other State Grants","0","160,000","400,000",
"46980-DA2 Other State Grants-Direct Appropriations","365,217","0","0",
"46980-LIB Other State Grants-Library","14,040","4,551","10,000",
"46990 Other State Revenues","4,804","7,000","4,000",
"Total Other State Revenues","1,266,701","1,030,515","1,438,125",
"TOTAL STATE OF TENNESSEE","1,555,120","1,363,705","1,800,315",
"47000 FEDERAL GOVERNMENT","","","",
"47100 Federal Through State","","","",
"47230 Disaster Relief","0","0","0",
"47235 Homeland Security Grants","41,891","39,727","41,661",
"Account No.","Description","Actual 2021-2022","Original Estimated 2022-2023","Estimated 2023-2024",
"47235-TSEE","Homeland Security Grants-Traffic Safety Enforcement","0","0","25,000",
"47250-ELC","Law Enforcement Grants-ELC Confinement Facility","0","0","176,290",
"47250-VCIF","Law Enforcement Grants-Violent Crime","0","0","96,806",
"47301","Covid 19 Grant#1-Dept of Health Drug Room","0","0","100,000",
"47401","American Rescue Plan Act-CESF Video Arraignment","13,200","0","0",
"47405-LIB","American Rescue Plan Act-Library","7,144","0","0",
"47590","Other Federal Through State","0","0","0",
"","Total Federal Through State","62,235","39,727","439,757",
"47600","DIRECT FEDERAL REVENUE","","","",
"47990","Other Direct Federal","4,194","0","0",
"","Total Direct Federal","4,194","0","0",
"","TOTAL FEDERAL GOVERNMENT","66,429","39,727","439,757",
"48000","OTHER GOVERNMENTS AND CITIZEN GROUPS","","","",
"48100","Other Governments","","","",
"48130","Contributions","50,000","45,000","45,000",
"","Total Other Governments","50,000","45,000","45,000",
"48600","Citizens Groups","","","",
"48610","Donations","0","0","0",
"48610-AMB","Donation-Ambulance Service","100","0","0",
"48610-HOSP","Donations-Ascension St. Thomas Hickman","5,000","5,000","5,000",
"48610-LIB","Donations-Library","0","0","0",
"","Total Citizen Groups","5,100","5,000","5,000",
"","TOTAL OTHER GOVERNMENTS AND CITIZEN GROUPS","55,100","50,000","50,000",
"","TOTAL ESIMATED REVENUES","14,096,670","13,514,244","14,941,338",
"49000","ESTIMATED OTHER SOURCES (NON-REVENUE)","","","",
"49700","Insurance Recovery","47,915","40,000","40,000",
"49800","Transfers In","35,000","35,000","35,000",
"","TOTAL ESTIMATED OTHER SOURCES (NON-REVENUE","82,915","75,000","75,000",
"","TOTAL ESTIMATED REVENUES AND OTHER SOURCE:","14,179,585","13,589,244","15,016,338",
"","ESTIMATED EXPENDITURES","","","",
"51000","GENERAL ADMINISTRATION","","","",
"51100","County Commission","","","",
"191","Board and Committee Members Fees","50,200","36,400","33,600",
"215","On-behalf Payments to OPEB","0","0","0",
"Account No. Description","Actual 2021-2022","Original Estimated 2022-2023","Estimated 2023-2024",
"301 Accounting Services","0","1,500","1,500",
"305 Audit Services","10,219","10,469","11,000",
"332 Legal Notices, Recording and Court Cost","1,746","5,000","5,000",
"355 Travel","0","2,500","2,500",
"719 Office Equipment","0","0","0",
"51210 Board of Equalization","","","",
"191 Board and Committee Members Fees","2,550","3,500","3,500",
"51220 Beer Board","","","",
"533 Criminal Investigation of Applicants","87","1,000","1,000",
"Total County Commission","64,802","60,369","58,100",
"51300 County Mayor","","","",
"101 County Official","95,034","99,787","104,776",
"140 Salary Supplement","1,568","2,250","0",
"161 Secretary","32,100","33,385","35,055",
"186 Longevity","0","500","0",
"332 Legal Notices, Rec & Court Cost","1,682","1,200","1,200",
"355 Travel","2,311","3,000","3,000",
"399 Other Contracted Services","4,090","5,000","5,000",
"399-DA Other Contracted Services-Direct Approp. Grant","6,975","0","0",
"435 Office Supplies","995","1,500","1,500",
"508 Premiums on Corp Surety Bonds","0","0","0",
"524 In-Service/Staff Development","1,076","1,500","1,500",
"719 Office Equipment","188","1,000","1,000",
"Total County Mayor","146,019","149,122","153,031",
"51400 County Attorney","","","",
"331 Legal Services","17,643","15,000","35,000",
"599 Other Charges(Deductibles)","2,500","5,000","5,000",
"Total County Attorney","20,143","20,000","40,000",
"51500 Election Commission","","","",
"101 County Official","74,053","77,756","81,644",
"106 Deputy","28,072","33,146","34,804",
"169 Part-Time Personnel","12,570","18,000","18,000",
"186 Longevity Pay","0","0","0",
"192 Election Commission","1,760","5,400","7,400",
"193 Election Workers","2,320","55,000","55,000",
"317 Data Processing Services","3,502","4,500","4,500",
"332 Legal Notices, Rec and Court Costs","360","1,500","4,500",
"337 Maint and Repair-Office Equip","0","1,500","1,500",
"349 Printing Stationary and Forms","643","4,000","4,000",
"351 Rentals","0","1,500","2,500",
"355 Travel","0","3,000","4,000",
"Account No. Description","Actual 2021-2022","Original Estimated 2022-2023","Estimated 2023-2024",
"399 Other Contracted Services","13,138","25,000","25,000",
"435 Office Supplies","900","4,000","4,000",
"508 Premiums on Surety Bond","50","0","0",
"719 Office Equipment","4,508","4,000","4,000",
"790 Other Equipment","0","474,989","474,989",
"Total Election Commission","141,876","713,291","725,837",
"51600 Register of Deeds","","","",
"101 County Official","82,281","86,395","90,715",
"106 Deputy","31,893","33,169","34,828",
"140 Salary Supplement","2,147","3,750","4,150",
"162 Clerical Personnel","26,224","27,797","29,187",
"186 Longevity Pay","1,400","1,500","1,600",
"317 Data Processing Services","14,597","16,000","16,000",
"332 Legal Notices, Recording and Court Costs","0","22","22",
"337 Maint and Repair Services","1,154","2,500","2,500",
"355 Travel","1,160","2,000","2,000",
"399 Other Contracted Services","0","200","200",
"435 Office Supplies","887","2,000","2,400",
"508 Premiums on Surety Bond","0","0","0",
"524 In-Service/Staff Development","455","750","1,000",
"719 Office Equipment","0","2,000","2,000",
"Total Register of Deeds","162,198","178,083","186,602",
"51720 Planning","","","",
"105 Supervisor/Director","58,001","62,000","65,101",
"106 Deputy(s)","34,240","35,610","37,391",
"162 Clerical Personnel","25,376","26,804","28,145",
"186 Longevity Pay","0","900","1,000",
"191 Board and Committee Member Fees","2,850","3,900","3,900",
"196 In-Service Training","0","2,500","3,000",
"312 Contracts with Private Agencies","2,200","16,000","18,000",
"317 Data Processing Service","2,510","2,700","3,000",
"331 Legal Services","8,949","8,000","12,000",
"332 Legal Notices, Recording & Court Costs","4,889","5,000","5,000",
"338 Maint and Repair Services-Vehicle","730","2,000","2,500",
"349 Printing, Stationary, and Forms","497","1,200","1,500",
"355 Travel","199","1,500","1,500",
"399 Other Contracted Services","15,168","35,000","35,000",
"425 Gasoline","3,082","3,500","4,500",
"435 Office Supplies","282","950","1,200",
"499 Other Supplies and Materials","246","800","800",
"508 Premiums on Surety Bond","0","0","0",
"524 In-Service/Staff Development","964","1,500","1,500",
"718 Motor Vehicles","0","0","0",
"719 Office Equipment","1,475","2,200","2,800",
"791 Other Construction","0","0","0",
"Account No. Description","Actual 2021-2022","Original Estimated 2022-2023","Estimated 2023-2024",
"Total Planning","161,658","212,064","227,837",
"51800 County Buildings","","","",
"105 Facility Supervisor","52,747","50,000","52,501",
"166 Custodial Personnel","26,655","27,788","29,178",
"167 Maintenance Personnel","0","45,000","47,251",
"169 Part-Time Personnel","2,635","13,000","13,500",
"335 Maint and Repair-buildings","185,544","210,000","241,500",
"335-ADA Maint and Repair-buildings(ADA)","0","3,000","3,000",
"336 Maint and Repair-equipment","0","10,000","10,000",
"338 Maint and Repair-vehicle","4,436","3,000","5,000",
"355 Travel","0","500","750",
"410 Custodial Supplies","12,237","20,000","18,000",
"425 Gasoline","2,586","7,500","7,500",
"435 Office Supplies","2,643","1,000","1,000",
"451 Uniforms","2,191","3,000","3,000",
"599 Other Charges","294","1,000","1,000",
"718 Motor Vehicles","0","0","15,000",
"Total County Buildings","291,968","394,788","448,180",
"51810 Other Facilities","","","",
"307 Communication","151,827","140,000","140,000",
"347 Pest Control","5,500","7,000","8,000",
"359 Disposal Fee","4","1,000","1,000",
"415 Electricity","143,559","175,000","175,000",
"452 Utilities","94,395","80,000","105,000",
"Total Other Facilities","395,285","403,000","429,000",
"51900 Other General Administration","","","",
"189 Other Salaries and Wages","82,349","85,643","89,925",
"334 Maintenance Agreements","6,641","9,000","11,000",
"336 Maintenance and Repair-Equipment","2,960","2,000","2,000",
"355 Travel","75","400","400",
"399 Other Contracted Services","2,287","4,000","2,000",
"435 Office Supplies","422","800","1,000",
"499 Other Supplies and Materials","328","800","1,000",
"524 In-Service/Staff Development","0","0","0",
"719 Office Equipment","20,553","22,000","20,000",
"Total Other General Administration","115,615","124,643","127,325",
"51910 Preservation of Records","","","",
"140 Salary Supplement","1,500","1,500","1,500",
"162 Clerical Personnel","30,356","31,571","33,758",
"186 Longevity Pay","2,400","2,500","2,400",
"355 Travel","0","150","150",
"399 Other Contracted Services","3,219","4,000","4,000",
"435 Office Supplies","249","550","550",
"Account No. Description","Actual 2021-2022","Original Estimated 2022-2023","Estimated 2023-2024",
"499 Other Supplies and Materials","381","680","680",
"524 In-Service/Staff Development","100","100","100",
"599 Other Charges","254","100","100",
"Total Preservation of Records","38,459","41,151","43,238",
"Total General Administration","1,538,023","2,296,511","2,439,150",
"52000 FINANCE","","","",
"52100 Accounting and Budgeting","","","",
"101 Administrative Officer","96,522","86,395","90,715",
"103 Assistants","40,210","45,000","47,251",
"119 Accounts/Bookkeepers","100,219","125,190","131,450",
"140 Salary Supplement","7,500","6,375","7,125",
"186 Longevity Pay","2,900","3,200","3,500",
"317 Data Processing Services","19,351","21,005","22,629",
"332 Legal Notices Rec Court Costs","4,017","4,300","4,300",
"349 Printing Stationary Forms","4,175","5,500","5,500",
"355 Travel","202","2,100","2,100",
"399 Other Contracted Services","2,163","3,000","3,000",
"435 Office Supplies","3,180","3,500","3,500",
"508 Surety Bond","50","300","300",
"524 In-Service/Staff Development","1,030","1,000","1,000",
"719 Office Equipment","865","2,000","2,000",
"Total Accounting and Budgeting","282,384","308,865","324,370",
"52300 Property Assessor Office","","","",
"101 County Official","82,281","86,395","90,715",
"106 Deputy","27,390","0","0",
"135 Assessment Personnel","31,462","0","0",
"140 Salary Supplement","3,522","4,000","4,800",
"162 Clerical Personnel","33,466","121,092","127,147",
"186 Longevity Pay","2,400","500","1,100",
"187 Overtime Pay(Re-appraisal)","3,375","0","0",
"187-RA Overtime Pay(Re-appraisal)","6,000","0","0",
"312 Contracts with Private Agencies","5,454","10,000","10,000",
"317 Data Processing Services","32,324","36,300","38,500",
"332 Legal Notices","522","200","200",
"337 Maint and Repair-Office Equipment","576","1,000","1,000",
"338 Maint and Repair-Vehicle","1,280","1,500","2,000",
"349 Printing Stationary Forms","1,500","1,900","2,200",
"349-RA Printing Stationary Forms(Re-appraisal)","2,565","0","0",
"355 Travel","527","3,000","3,500",
"399 Other Contracted Services","7,870","5,000","7,000",
"425 Gasoline","793","3,000","3,000",
"435 Office Supplies","2,666","3,500","3,500",
"524 In-Service/Staff Development","312","2,400","4,000",
"599 Other Charges","0","4,000","5,000",
"599-PY Other Charges-PY Reappraisal Carryover","0","9,000","0",
"Account No. Description","Actual 2021-2022","Original Estimated 2022-2023","Estimated 2023-2024",
"719 Office Equipment","4,582","5,000","5,000",
"Total Property Assessor's Office","250,867","297,787","308,662",
"52400 County Trustee's Office","","","",
"101 County Official","82,281","86,395","90,715",
"106 Deputy","33,920","35,277","37,041",
"121 Data Processing Personnel","27,081","28,165","29,574",
"140 Salary Supplement","3,647","5,250","5,625",
"162 Clerical Personnel","30,592","31,816","33,407",
"169 Part-time Personnel","9,318","11,650","15,000",
"186 Longevity Pay","1,900","2,600","2,900",
"317 Data Processing Services","12,599","14,000","13,000",
"332 Legal Notices, Recording and Court Costs","295","400","400",
"349 Printing Stationary Forms","4,796","6,500","6,800",
"355 Travel","1,130","2,200","2,200",
"399 Other Contracted Services","1,633","3,325","3,325",
"435 Office Supplies","2,169","3,500","3,500",
"508 Surety Bond","100","13,365","0",
"524 In-Service/Staff Development","810","1,600","1,600",
"719 Office Equipment","1,058","3,000","3,500",
"Total Trustees Office","213,329","249,043","248,587",
"52500 County Clerk Office","","","",
"101 County Official","82,281","86,395","90,715",
"106 Deputy","32,431","33,729","35,416",
"140 Salary Supplement","7,772","7,500","7,500",
"161 Secretary","30,913","32,150","33,758",
"162 Clerical Personnel","88,501","92,042","96,646",
"169 Part-Time Personnel","7,180","15,000","15,000",
"186 Longevity Pay","7,400","7,900","6,000",
"317 Data Processing Services","22,549","28,535","28,591",
"355 Travel","3,737","4,000","4,000",
"435 Office Supplies","3,409","3,000","3,000",
"524 In-Service/Staff Development","1,265","1,400","1,400",
"719 Office Equipment","14,385","3,000","3,000",
"Total County Clerk","301,823","314,651","325,026",
"Total Finance","1,048,403","1,170,346","1,206,645",
"53000 ADMINISTRATION OF JUSTICE","","","",
"53100 Circuit Court","","","",
"101 County Official","82,281","86,395","90,715",
"106 Deputies","141,322","147,914","180,310",
"169 Part-time Personnel","10,035","10,000","5,000",
"186 Longevity Pay","5,400","5,800","5,400",
"189 Other Salaries and Wages","30,000","31,201","27,573",
"194 Jury & Witness Fees","2,248","6,500","5,000",
"Account No. Description","Actual 2021-2022","Original Estimated 2022-2023","Estimated 2023-2024",
"317 Data Processing Services","22,102","23,688","25,345",
"332 Legal Notices, Recording & Court Costs","506","600","600",
"337 Maint and Repair Services - Equipment","2,361","3,500","2,500",
"355 Travel","0","100","150",
"399 Other Contracted Services","0","800","800",
"435 Office Supplies","4,445","6,000","6,000",
"508 Premiums on Corporate Surety Bonds","0","200","200",
"719 Office Equipment","5,324","8,000","8,000",
"Total Circuit Court","306,024","330,698","357,593",
"53300 General Sessions Court","","","",
"102 Judge","119,085","123,848","128,802",
"123 Guidance Personnel","56,950","59,228","62,190",
"161 Secretary","18,789","25,409","26,680",
"169 Part-time Personnel","5,858","8,352","8,686",
"186 Longevity Pay","3,000","3,200","0",
"355 Travel","1,075","3,000","3,000",
"399 Other Contracted Services","727","6,600","6,600",
"432 Library Books","1,210","1,750","1,750",
"435 Office Supplies","928","1,750","1,750",
"524 In-Service/Staff Development","905","1,500","1,500",
"719 Office Equipment","993","2,500","2,500",
"Total General Sessions Court","209,520","237,137","243,458",
"53310 General Sessions Judge","","","",
"102 Judge","478","2,300","2,300",
"355 Travel","0","1,000","1,000",
"524 In-Service/Staff Development","425","700","700",
"Total General Sessions Judge","903","4,000","4,000",
"53400 Chancery Court","","","",
"101 County Official","82,281","86,395","90,715",
"103 Assistant","24,822","29,572","31,051",
"106 Deputy","25,844","25,480","26,754",
"140 Salary Supplement","0","0","1,500",
"169 Part-time Personnel","0","0","15,000",
"186 Longevity Pay","3,300","3,100","2,300",
"317 Data Processing Services","14,453","15,403","16,500",
"332 Legal Notices, Recording & Court Costs","1,500","1,500","1,500",
"355 Travel","0","1,500","2,000",
"435 Office Supplies","5,091","6,000","6,000",
"719 Office Equipment","0","2,000","2,000",
"Total Chancery Court","157,291","170,950","195,320",
"Account No. Description","Actual 2021-2022","Original Estimated 2022-2023","Estimated 2023-2024",
"53700 Judicial Commissioners","","","",
"169 Part-time Personnel","15,812","16,198","17,008",
"186 Longevity","1,000","1,100","1,200",
"189 Other Salaries & Wages","33,046","35,707","37,493",
"196 In-Service Training","403","1,250","1,250",
"355 Travel","971","5,000","5,000",
"435 Office Supplies","328","700","700",
"524 In-Service/Staff Development","200","150","200",
"599 Other Charges","350","360","360",
"Total Judicial Commissioners","52,110","60,465","63,211",
"53920 Courtroom Security","","","",
"431 Law Enforcement Supplies","0","0","0",
"499 Other Supplies and Materials","0","0","0",
"499-CRF Other Supplies and Materials-Coronavirus Relief","0","0","0",
"599 Other Charges","0","0","0",
"799 Other Capital Outlay","0","0","0",
"Total Courtroom Security","0","0","0",
"Total Administration of Justice","725,848","803,250","863,582",
"54000 PUBLIC SAFETY","","","",
"54110 Sheriff's Department","","","",
"101 County Official","90,509","95,035","99,787",
"103 Assistant","38,368","39,903","41,899",
"106 Deputies","878,855","981,914","1,138,086",
"106-SEC Deputies (Courtroom Security)","90,257","98,614","108,524",
"119 Accounts/Bookkeepers","36,451","37,910","39,806",
"140 Salary Supplements","20,700","27,000","27,000",
"148 Dispatchers and Radio Operators","266,634","320,000","350,000",
"169-SEC Part-time Personnel","15,450","46,000","46,000",
"170 School Resources Officer","0","0","241,367",
"186 Longevity Pay","19,500","19,900","19,200",
"187 Overtime Pay","39,108","60,000","60,000",
"187-TSEE Overtime Pay-Tennessee Safety Environment &","0","0","15,000",
"187-VCIF Overtime Pay-Violent Crimes","0","0","15,000",
"188 Bonus Payments","29,000","31,000","31,000",
"189 Other Salaries and Wages","0","0","43,045",
"189-SRO Other Salaries and Wages(SRO)","200,445","221,606","0",
"302 Advertising","200","500","500",
"307 Communication","5,911","15,000","15,000",
"312 Contracts with Private Agencies","0","5,000","2,500",
"317 Data Processing Services","19,096","25,000","30,000",
"331 Legal Services","64","200","200",
"336 Maint and Repair Services - Equipment","425","4,000","2,000",
"338 Maint and Repair Services - Vehicles","51,269","65,000","65,000",
"348 Postal Charges","297","300","300",
"355 Travel","5,182","10,000","10,000",
"Account No. Description","Actual 2021-2022","Original Estimated 2022-2023","Estimated 2023-2024",
"355-SRO Travel (SRO)","2,613","5,000","5,000",
"399 Other Contracted Service","960","0","0",
"412 Diesel Fuel","459","2,000","2,000",
"425 Gasoline","108,623","92,000","150,000",
"431 Law Enforcement Supplies","31,252","45,000","45,000",
"431-SRO Law Enforcement Supplies-SRO","0","5,000","5,000",
"431-TSEE Law Enforcement Supplies-TN Safety Environment","0","0","10,000",
"431-VCIF Law Enforcement Supplies-Violent Crimes Grant","0","0","81,806",
"435 Office Supplies","6,709","8,000","8,000",
"450 Tires and Tubes","9,509","20,000","20,000",
"451 Uniforms","7,702","15,000","15,000",
"524 In-Service/Staff Development","16,373","25,000","25,000",
"524-SRO In-Service/Staff Development-SRO","5,153","5,000","5,000",
"599 Other Charges","5,590","5,000","5,000",
"718 Motor Vehicles","120,888","25,000","0",
"718-ELC Motor Vehicles -ELC","0","0","120,000",
"719 Office Equipment","3,936","5,000","5,000",
"Total Sheriffs Department","2,127,488","2,360,882","2,903,020",
"54160 Administration Of Sexual Offender Registry","","","",
"435 Office Supplies","480","1,000","1,000",
"599 Other Charges","1,750","3,000","3,000",
"719 Office Equipment","1,797","3,500","3,500",
"Total Administration Of Sexual Offender Registry","4,027","7,500","7,500",
"54210 Jail","","","",
"160 Guards","566,034","721,000","824,000",
"161 Secretary","0","0","31,200",
"186 Longevity Pay","4,400","6,200","4,500",
"187 Overtime Pay","10,662","20,000","20,000",
"188 Bonus Payment","13,000","21,000","23,000",
"189 Other Salaries and Wages","11,461","15,475","35,939",
"340 Medical and Dental Services","104,980","250,000","250,000",
"355 Travel","1,095","5,000","5,000",
"399 Other Contracted Service","119,928","135,000","135,000",
"410 Custodial Supplies","17,750","25,000","7,000",
"410-ELC Custodial Supplies-ELC Grant","0","0","18,000",
"413 Drugs & Medical Supplies","17,998","40,000","40,000",
"422 Food Supplies","195,097","280,000","260,000",
"431 Law Enforcement Supplies","4,157","5,000","5,000",
"435 Office Supplies","4,332","5,000","5,000",
"441 Prisoners Clothing","2,932","4,000","0",
"441-ELC Prisoners Clothing-ELC Grant","0","0","8,200",
"451 Uniforms","3,265","8,000","8,000",
"499 Other Supplies and Materials","8,858","15,000","15,000",
"499-ELC Other Supplies and Materials-ELC Grant","0","0","13,090",
"599-ELC Other Charges-ELC Grant","0","0","17,000",
"524 In-Service/Staff Development","100","5,000","5,000",
"Account No. Description","Actual 2021-2022","Original Estimated 2022-2023","Estimated 2023-2024",
"709 Data Processing Equipment","27,473","29,000","29,000",
"719 Office Equipment","2,051","5,000","5,000",
"719-TCI Office Equipment-TN Correction Institute","0","0","0",
"Total Jail","1,115,573","1,594,675","1,763,929",
"54310 Fire Prevention and Control","","","",
"309 Contracts with Govt Agen","2,000","2,000","2,000",
"429 Instructional Supplies and Materials","91","1,000","1,500",
"524 In-Service/Staff Development","7,862","10,000","14,000",
"790 Other Equipment","0","2,550","3,000",
"Total Fire Prevention and Control","9,953","15,550","20,500",
"54320 Rural Fire Protection","","","",
"316 Contributions","0","150,000","150,000",
"515 Liability Claim","12,134","0","0",
"Total Rural Fire Prevention","12,134","150,000","150,000",
"54410 Civil Defense","","","",
"105 Supervisor/Director","62,541","66,293","69,608",
"169 Part-time Personnel","0","5,000","5,000",
"186 Longevity Pay","0","0","0",
"187 Overtime Pay","0","5,000","5,000",
"189 Other Salaries and Wages","39,057","45,000","47,251",
"320 Dues and Memberships","520","1,000","1,000",
"330 Operating Lease Payment","3,400","3,400","3,600",
"336 Maint and Repair Services - Equipment","4,119","5,000","5,000",
"338 Maint and Repair Services - Vehicles","9,617","12,000","14,000",
"355 Travel","0","1,000","1,000",
"399 Other Contracted Services","2,233","4,500","4,500",
"412 Diesel","1,381","4,000","4,000",
"425 Gasoline","7,251","10,000","10,000",
"435 Office Supplies","837","1,000","1,000",
"442 Propane Gas","1,099","3,000","3,000",
"451 Uniforms","648","1,000","1,500",
"499 Other Supplies and Materials","11,854","9,690","11,624",
"508 Premiums on Corporate Surety Bonds","50","50","50",
"524 In-Service/Staff Development","1,435","2,000","2,000",
"599 Other Charges","0","1,000","1,000",
"708 Communication Equipment","14,269","12,000","22,000",
"718 Motor Vehicles","0","0","0",
"790 Other Equipment","452","1,000","6,000",
"Total Civil Defense","160,763","192,933","218,133",
"54420 Rescue Squad","","","",
"316 Contributions","35,000","0","0",
"515 Liability Claims","0","0","0",
"Account No. Description","Actual 2021-2022","Original Estimated 2022-2023","Estimated 2023-2024",
"Total Rescue Squad","35,000","0","0",
"54610 County Coroner","","","",
"131 Medical Personnel","3,900","5,000","5,000",
"341 Pauper Burials","0","1,000","3,000",
"399 Other Contracted Services","63,160","50,000","50,000",
"508 Premiums on Corporate Surety Bonds","0","0","0",
"Total County Coroner","67,060","56,000","58,000",
"Total Public Safety","3,531,998","4,377,540","5,121,082",
"55000 PUBLIC HEALTH AND WELFARE","","","",
"55110 Local Health Center","","","",
"316 Contributions","38,111","39,031","38,111",
"335 Maintenance and Repair Service-Building","0","1,000","1,000",
"399 Other Contracted Services","1,476","6,100","6,100",
"435 Office Supplies","120","1,520","1,520",
"499 Other Supplies & Materials","0","2,250","2,250",
"599 Other Charges","200","700","700",
"599-PPI Other Charges","0","0","920",
"Total Local Health Center","39,907","50,601","50,601",
"55130 Ambulance/Emergency Medical Services","","","",
"105 Supervisor/Director","59,833","64,620","69,608",
"131 Medical Personnel","894,953","1,220,252","1,360,000",
"169 Part-time Personnel","136,701","150,000","150,000",
"186 Longevity","16,100","20,000","20,300",
"187 Overtime Pay","358,306","418,000","470,000",
"199 Other Per Diem & Fees","0","3,000","3,000",
"320 Dues and Memberships","990","1,200","1,200",
"335 Maint & Repair Services - Building","1,727","2,000","2,000",
"336 Maint & Repair Services - Equipment","945","8,000","10,000",
"338 Maint & Repair Services - Vehicles","21,554","50,000","60,000",
"355 Travel","2,403","3,000","3,500",
"399 Other Contracted Services","188,303","190,000","235,000",
"410 Custodial Supplies","2,270","3,000","3,000",
"412 Diesel Fuel","11,865","18,000","22,000",
"413 Drugs and Medical Supplies","56,908","65,000","65,000",
"413-DONAT Drugs and Medical Supplies(EMR Donation)","1,224","0","0",
"413-PHAR Drugs and Medical Supplies(Pharmaceuticals)","26,233","35,000","35,000",
"425 Gasoline","43,098","70,000","80,000",
"435 Office Supplies","1,206","3,000","3,000",
"450 Tires and Tubes","7,766","12,000","15,000",
"451 Uniforms","7,329","15,000","18,000",
"499 Other Supplies and Materials","7,197","7,000","13,000",
"524 In-Service/Staff Development","13,919","20,000","25,000",
"718 Motor Vehicle","0","0","0",
"Account No. Description","Actual 2021-2022","Original Estimated 2022-2023","Estimated 2023-2024",
"719 Office Equipment","2,370","3,000","3,000",
"790 Other Equipment","18,725","30,000","30,000",
"Total Ambulance/Emergency Medical Services","1,881,925","2,411,072","2,696,608",
"55170 Alcohol and Drug Programs","","","",
"111 Probation Officer","11,704","12,200","12,810",
"201 Social Security","519","780","780",
"355 Travel","0","796","796",
"435 Office Supplies","150","1,000","1,500",
"599 Other Charges","2,814","7,500","7,000",
"Total Alcohol and Drug Programs","15,187","22,276","22,886",
"55190 Other Local Health Services","","","",
"131 Medical Personnel","117,793","130,147","143,448",
"163 Educational Assistants","60,952","61,053","67,752",
"349 Printing, Stationery, and Forms","0","100","100",
"355 Travel","8,691","15,000","15,000",
"399 Other Contracted Services","0","100","100",
"499 Other Supplies and Materials","120","2,500","2,500",
"506 Liability Insurance","194","250","250",
"Total Other Local Health Services","187,750","209,150","229,150",
"55900 Other Public Health Services","","","",
"599-HOSP Other Charges (Hospital Donation)","2,325","5,000","5,000",
"599-TOBG Other Charges(Tobacco Grant)","1,565","1,244","707",
"Total Other Public Health Services","3,890","6,244","5,707",
"Total Public Health & Welfare","2,128,659","2,699,343","3,004,952",
"56000 SOCIAL, CULTURAL AND RECREATIONAL SERVICES","","","",
"56300 Senior Citizens Assistance","","","",
"316 Contributions","10,000","0","0",
"Total Senior Citizens Assistance","10,000","0","0",
"56500 Libraries","","","",
"103 Assistants","111,283","115,735","117,536",
"129 Librarians","39,198","40,943","42,991",
"186 Longevity","4,700","5,400","3,200",
"189 Other Salaries and Wages","17,884","19,453","21,704",
"317 Data Processing Services","3,235","3,600","3,600",
"320 Dues & Memberships","67","750","750",
"335 Maint & Repair Services Buildings","1,035","3,000","3,000",
"348 Postal Charges","697","1,000","1,200",
"355 Travel","340","2,000","2,000",
"Account No. Description","Actual 2021-2022","Original Estimated 2022-2023","Estimated 2023-2024",
"399 Other Contracted Services","17,272","17,854","17,854",
"432 Library Books & Media","3,814","5,500","7,500",
"435 Office Supplies","2,607","7,000","7,000",
"452 Utilities","5,770","6,000","3,000",
"499 Other Supplies & Materials","946","1,000","2,000",
"524 In-Service/Staff Development","0","1,000","2,000",
"599 Other Charges","14,480","15,000","15,000",
"790 Other Equipment","3,000","8,000","8,000",
"Total Estimated Expenditures","226,328","253,235","258,335",
"56700 Parks and Fair Boards","","","",
"316 Contributions","0","3,000","3,000",
"Total Senior Citizens Assistance","0","3,000","3,000",
"Total Social, Cultural and Recreational","236,328","256,235","261,335",
"57000 AGRICULTURE AND NATURAL RESOURCES","","","",
"57100 Agriculture Extension Service","","","",
"316 Contributions","35,993","60,594","70,261",
"320 Dues and Memberships","330","350","350",
"355 Travel","0","900","900",
"410 Custodial Supplies","123","125","125",
"435 Office Supplies","0","1,000","1,000",
"719 Office Equipment","980","1,000","1,000",
"Total Agriculture Extension Services","37,426","63,969","73,636",
"57500 Soil Conservation","","","",
"161 Secretary","25,028","24,960","26,208",
"186 Longevity","600","700","800",
"399 Other Contracted Services","5,000","5,000","5,000",
"599 Other Charges","2,550","2,550","2,550",
"Total Soil Conservation","33,178","33,210","34,558",
"Total Agriculture and Natural Resources","70,604","97,179","108,194",
"58000 OTHER GENERAL GOVERNMENT","","","",
"58110 Tourism","","","",
"316 Contributions","0","1,200","1,200",
"Total Tourism","0","1,200","1,200",
"58120 Industrial Development (Vision 21)","","","",
"105 Supervisor/Director","58,917","63,000","66,150",
"316 Contributions","12,294","11,773","9,054",
"Account No. Description","Actual 2021-2022","Original Estimated 2022-2023","Estimated 2023-2024",
"Total Industrial Development","71,211","74,773","75,204",
"58300 Veterans Services","","","",
"105 Supervisor/Director","31,201","32,450","34,073",
"338 Maint & Repair Services - Vehicles","356","500","750",
"351 Rentals","3,600","3,600","3,600",
"355 Travel","0","300","600",
"399 Other Contracted Service","449","450","450",
"425 Gasoline","643","750","1,000",
"425-SC Gasoline (SCHRA)","44","0","0",
"435 Office Supplies","94","200","200",
"599 Other Charges","902","1,000","1,000",
"719 Office Equipment","0","200","200",
"Total Veterans Services","37,289","39,450","41,873",
"58400 Other Charges","","","",
"506 Liability Insurance","294,738","300,632","335,400",
"510 Trustees Commission","216,839","210,000","225,000",
"513 Workers Comp","127,277","160,000","170,450",
"Total Other Charges","638,854","670,632","730,850",
"58600 Employee Benefits","","","",
"201 Social Security","461,125","537,000","610,684",
"204 State Retirement","638,624","728,000","762,186",
"206 Life Insurance","43,496","53,000","62,000",
"207 Medical Insurance","1,795,541","1,898,199","2,031,600",
"210 Unemployment Comp","4,372","22,000","22,000",
"399 Other Contracted Services","5,800","0","6,000",
"Total Employees Benefits","2,948,958","3,238,199","3,494,470",
"58801 Covid 19 Grant # 1-Dept of Health Drug Room","","","",
"707 Building Improvements","0","0","100,000",
"Total Covid 19 Grant#1- Dept. of Health Drug Room","0","0","100,000",
"58835 American Rescue Plan Act # 5-Library","","","",
"599-LIB Other Charges","6,160","0","0",
"Total American Rescue Plan Act # 5 Library","6,160","0","0",
"58836 American Rescue Plan Act # 6 CESF Video Arraignment 790 Other Equipment","13,200","0","0",
"Total CESF Video Arraignment","13,200","0","0",
"Account No. Description","Actual 2021-2022","Original Estimated 2022-2023","Estimated 2023-2024",
"58900 Miscellaneous","","","",
"309 Contracts with Government Agencies","12,920","12,920","12,920",
"316 Contributions","108,000","60,000","65,000",
"320 Dues and Memberships","17,079","16,100","16,100",
"348 Postal Charges","42,840","45,000","45,000",
"351 Rentals","40","2,500","2,500",
"509-DA Refunds","2,928","0","0",
"599 Other Charges","2,654","2,500","2,500",
"Total Miscellaneous","186,461","139,020","144,020",
"Total Other General Government","3,902,133","4,163,274","4,587,617",
"Total Estimated Expenditures","13,181,996","15,863,678","17,592,557",
"99000 OTHER USES","","","",
"91190 Other General Government Projects","","","",
"706-DA Building Construction","67,048","0","0",
"Total Estimated General Administration Projects","67,048","0","0",
"99000 ESTIMATED OTHER USES","","","",
"99100 Transfers Out","","","",
"590 Transfers to Other Funds","120,672","100,000","100,000",
"Total Estimated Other Uses","120,672","100,000","100,000",
"Total Estimated Expenditures and other uses","13,369,716","15,963,678","17,692,557",
"Excess of Estimated Revenue and Other Sources over (under) Estimated Expenditures and Other Uses","809,869","(2,374,434)","(2,676,219)",
"Estimated Begin Fund Balance July 1","5,853,394","6,663,263","6,400,000",
"Estimated Ending Fund Balance June 30","6,663,263","4,288,829","3,723,781",
"Statement of Proposed Operations for the Fiscal Year Ending June 30, 2024","","Original","",
"Account No Description","Actual 2021-2022","Estimated 2022-2023","Estimated 2023-2024",
"ESTIMATED REVENUES","","","",
"42000 FINES, FORFIETURES AND PENALTIES","","","",
"42100 Circuit Court","","","",
"42140 Drug Control Fines","3,289","2,500","2,500",
"42300 General Sessions Court","","","",
"42340 Drug Control Fines","4,594","6,000","5,500",
"Total Fines, Forfeitures and Penalties","7,883","8,500","8,000",
"42900 OTHER FINES, FORFEITURES AND PENALTIES","","","",
"42910 Proceeds from Confiscated Property","37,514","45,000","45,000",
"Total Other Fines, Forfeitures, and Penalties","37,514","45,000","45,000",
"44000 OTHER LOCAL REVENUES","","","",
"44500 Nonrecurring Items","","","",
"44530 Sale of Equipment","7,800","0","0",
"Total Other Local Revenues","7,800","0","0",
"Total Estimated Revenue","53,197","53,500","53,000",
"49000 ESTIMATED OTHER SOURCES(NON-REVENUE)","","","",
"49700 Insurance Recovery","0","0","0",
"Total Estimated Other Source(Non-Revenue)","0","0","0",
"Total Estimated Revenues and Other Source","53,197","53,500","53,000",
"ESTIMATED EXPENDITURES","","","",
"54110 SHERIFF'S DEPARTMENT","","","",
"599 Other Charges","0","10,000","10,000",
"716 Law Enforcement Equipment","0","0","0",
"718 Motor Vehicles","96,057","75,000","0",
"Total Estimated Expenditures","96,057","85,000","10,000",
"Excess of Estimated Revenue Over","","","",
"(Under) Estimated Expenditures","(42,860)","(31,500)","43,000",
"Estimated Beginning Fund Balance July 1","158,651","115,791","54,000",
"Estimated Ending Fund Balance June 30","115,791","84,291","97,000",
"County, Adequate Facilities Tax Fund 125 Statement of Proposed Operations For the Fiscal Year Ending June 30, 2024","","Original","",
"Account No. Description","Actual 2021-2022","Estimated 2022-2023","Estimated 2023-2024",
"ESTIMATED REVENUES","","","",
"40200 COUNTY LOCAL OPTION TAXES","","","",
"40285 Adequate Facilities/Development Tax","294,480","260,000","260,000",
"Total Local Option Taxes","294,480","260,000","260,000",
"Total Revenues","294,480","260,000","260,000",
"ESTIMATED EXPENDITURES","","","",
"50000 GENERAL COUNTY OPERATIONS","","","",
"51730 Building","","","",
"509 Refunds","0","0","0",
"510 Trustee's Commission","2,968","2,600","3,000",
"Total Building","2,968","2,600","3,000",
"90000 CAPITAL PROJECTS","","","",
"91300 Educational Capital Project","","","",
"799 Other Capital Outlay","0","150,000","0",
"Total Public Safety Projects","0","150,000","0",
"99100 TRANSFERS OUT","","","",
"590 Transfers to Other Funds","280,000","280,000","0",
"Total Transfers Out","280,000","280,000","0",
"Total. Estimated Expenditures","282,968","432,600","3,000",
"Excess of Estimated Revenue and Other","","","",
"Sources over/under Estimated Expenditi","11,512","(172,600)","257,000",
"Estimated Beginning Fund Balance July","902,599","914,111","771,000",
"Estimated Ending Fund Balance June 3(","914,111","741,511","1,028,000",
"Statement of Proposed Operations for the Fiscal Year Ending June 30, 2024 Account Nc Description","Actual 2021-2022","Original Estimated 2022-2023","Estimated 2023-2024",
"ESTIMATED REVENUES","","","",
"44000 OTHER LOCAL REVENUES","","","",
"44100 Recurring Items","","","",
"44110 Investment Income","383","480","800",
"Total Recurring Items","383","480","800",
"47000 FEDERAL GOVERNMENT","","","",
"47100 Federal Through State","","","",
"47406 American Rescue Plan Act Grant#A(Health Dept)","0","0","383,200",
"47406 American Rescue Plan Act Grant#B(TDEC BALU)","0","0","225,000",
"Total Federal Through State Revenue","0","0","608,200",
"47000 FEDERAL GOVERNMENT","","","",
"47600 Direct Federal Revenue","","","",
"47902 American Rescue Plan Act Grant#7(SLFRF)","2,445,266","2,445,647","0",
"Total Direct Federal Revenue","2,445,266","2,445,647","0",
"Total Estimated Revenue","2,445,649","2,446,127","609,000",
"ESTIMATED EXPENDITURES","","","",
"58837 AMERICAN RESCUE PLAN ACT GRANT#7(SLFRF)","","","",
"188 Bonus Payments","0","550,000","0",
"201 Social Security","0","20,000","0",
"204 Pensions","0","25,000","0",
"339-TOC Matching Share","0","0","696,552",
"339-BALU Matching Share","0","0","75,000",
"713 Highway Construction","0","0","861,000",
"716 Law Enforcement Equipment","0","0","0",
"718-EMS Motor Vehicles","0","0","0",
"791-EMS Other Construction","0","0","1,000,000",
"Total Estimated American Rescue Plan Grant #7","0","595,000","2,632,552",
"58841 AMERICAN RESCUE PLAN ACT GRANT#A(Health Dept.)","","","",
"707 Building Improvements","0","0","510,900",
"Total Estimated American Rescue Plan Grant #A","0","0","510,900",
"58442 AMERICAN RESCUE PLAN ACT GRANT#B(TDEC BALU)","","","",
"399 Other Contracted Services","0","0","225,000",
"Account Nc","Description","Actual 2021-2022","Estimated 2022-2023","Estimated 2023-2024",
"Total Estimated","American Rescue Plan Grant #A","0","0","225,000",
"Total Estimated","Expenditure","0","595,000","3,368,452",
"(Under) Estimated","Expenditures","2,445,649","1,851,127","(2,759,452)",
"Estimated","Beginning Fund Balance July 1","0","2,445,649","4,040,000",
"Estimated","Ending Fund Balance June 30","2,445,649","4,296,776","1,280,548",
"Account No.","Description","Actual 2021-2022","Original Estimate 2022-2023","Estimate 2023-2024",
"","ESTIMATED REVENUES","","","",
"40000","LOCAL TAXES","","","",
"40100","County Property Taxes","","","",
"40110","Current Property Taxes","303,547","287,493","299,798",
"40120","Trustee's Collection Prior Year","6,147","12,930","12,930",
"40125","Trustee's Collection Bankruptcy","138","0","0",
"40130","Circuit/Clerk & Master Coll Prior Years","4,110","7,000","7,000",
"40140","Interest and Penalty","1,342","2,260","2,260",
"40161","Payments in Lieu of Taxes TVA","292","350","350",
"40200","County Local Option Taxes","","","",
"40270","Business Tax","4,277","3,500","3,500",
"40280","Mineral Severance Tax","79,656","85,000","85,000",
"","Total Local Taxes","399,509","398,533","410,838",
"43100","General Service Charge","","","",
"43102","Other Employee Benefit Charges/Contributions","5,506","0","0",
"","Total General Services Charge","5,506","0","0",
"43000","CHARGES FOR CURRENT SERVICES","","","",
"43380","Vending Machines Collections","1,154","2,600","2,600",
"","Total Charges for Current Services","1,154","2,600","2,600",
"44000","OTHER LOCAL REVENUES","","","",
"44100","Recurring Items","","","",
"44145","Sale of Recycled Materials","6,023","5,500","5,500",
"44170","Miscellaneous Refunds","27,013","0","0",
"44500","Nonrecurring Items","","","",
"44530","Sale of Equipment","15,749","150,000","150,000",
"","Total Other Local Revenues","48,785","155,500","155,500",
"46000","STATE OF TENNESSEE","","","",
"46400","Public Works Grants","","","",
"46410","Bridge Program","1,009,632","1,851,368","1,851,368",
"46420","State Aid Program","210,072","659,455","1,500,000",
"46851","State Revenue Sharing TVA","19,543","22,000","22,000",
"46920","Gasoline and Motor Fuel Tax","2,757,736","2,836,818","2,836,818",
"46930","Petroleum Special Tax","16,732","19,140","19,140",
"46980","Other State Grants","0","0","0",
"Total","State of Tennessee","4,013,715","5,388,781","6,229,326",
"Account No.","Description","Actual 2021-2022","Original Estimate 2022-2023","Estimate 2023-2024",
"47000","FEDERAL GOVERNMENT","","","",
"47100","Federal Through State","","","",
"47230","Disaster Relief","4,893","500,000","500,000",
"47590","Other Federal through State","5,935","0","0",
"47600","Direct Federal Revenue","","","",
"47990","Other Direct Federal Revenue","520,512","800,000","400,000",
"","Total Federal Government","531,340","1,300,000","900,000",
"48000","OTHER GOVERNMENTS AND CITIZENS GROUP","","","",
"48100","Other Governments","","","",
"48120","Paving and Maintenance","633","0","0",
"48600","Citizens Groups","","","",
"48610","Donations","0","0","0",
"","Total Other Governments","633","0","0",
"","Total Estimated Revenue","5,000,642","7,245,414","7,698,264",
"49000","OTHER SOURCES (NON-REVENUE)","","","",
"49700","Insurance Recovery","0","0","0",
"49800","Transfers In","20,672","0","75,000",
"","Total Other Sources (Non-Revenue)","20,672","0","75,000",
"","Total Estimated Revenues and Other Sources","5,021,314","7,245,414","7,773,264",
"","ESTIMATED EXPENDITURES","","","",
"61000","ADMINISTRATION","","","",
"101","County Official/Administrative Officer","90,509","95,035","99,787",
"103","Assistant(s)","0","0","94,000",
"106","Deputy","0","0","40,000",
"140","Salary Supplement","2,072","4,500","6,000",
"161","Secretary","41,631","43,784","0",
"162","Clerical Personnel","20,181","30,160","0",
"169","Part-time Personnel","17,056","21,558","23,000",
"187","Overtime Pay","4,884","5,500","8,500",
"188","Bonus Payment","1,500","0","0",
"191","Board and Committee Members Fees","16,400","16,800","16,800",
"316","Contributions","500","500","500",
"317","Data Processing Services","0","400","400",
"320","Dues and Memberships","3,875","3,875","3,875",
"332","Legal Notices, Recording and Court Costs","1,787","1,000","1,000",
"348","Postal Charges","0","300","300",
"355","Travel","1,138","1,500","4,500",
"399","Other Contracted Services","7,845","8,500","8,500",
"435","Office Supplies","257","1,050","1,050",
"Account No.","Description","Actual 2021-2022","Original Estimate 2022-2023","Estimate 2023-2024",
"508","Premiums on Corporate Surety Bonds","0","2,000","2,000",
"524","In-Service/Staff Developement","550","2,500","3,800",
"719","Office Equipment","2,037","5,000","5,000",
"","Total Administration","212,222","243,962","319,012",
"62000","HIGHWAY AND BRIDGE MAINTENANCE","","","",
"140","Salary Supplements","1,500","1,500","1,500",
"141","Foremen","229,805","293,761","332,470",
"143","Equipment Operators","312,137","375,495","390,000",
"149","Laborers","257,344","315,000","426,291",
"187","Overtime Pay","48,328","50,000","55,000",
"188","Bonus Payment","25,500","0","0",
"323","Explosive and Drilling Services","0","2,000","2,000",
"403","Asphalt-Cold Mix","59,786","100,000","100,000",
"405","Asphalt-Liquid","142,527","550,000","900,000",
"409","Crushed Stone","368,607","750,000","750,000",
"426","General Construction Materials","17,575","25,000","25,000",
"436","Other Road Supplies","13,445","55,000","55,000",
"438","Pipe","63,075","70,000","70,000",
"443","Road Signs","9,547","18,000","18,000",
"444","Salt","0","5,000","6,500",
"446","Small Tools","4,743","5,000","5,000",
"455","Wood Products","0","5,000","5,000",
"468","Chemical","4,800","10,000","8,550",
"","Total Highway and Bridge Maintenance","1,558,719","2,630,756","3,150,311",
"63100","OPERATION AND MAINTENANCE OF EQUIPMENT","","","",
"141","Foremen","39,938","42,176","48,000",
"142","Mechanic(s)","31,463","32,760","38,000",
"187","Overtime Pay","5,573","5,000","5,000",
"188","Bonus Payments","2,000","0","0",
"329","Laundry Services","11,355","12,000","12,000",
"412","Diesel Fuel","185,262","200,000","250,000",
"418","Equipment and Machinery Parts","113,530","150,000","150,000",
"424","Garage Supplies","31,556","75,000","75,000",
"425","Gasoline","34,693","45,000","45,000",
"433","Lubricants","13,183","25,000","25,000",
"450","Tires and Tubes","44,293","75,000","75,000",
"599","Other Charges","3,103","1,500","1,500",
"","Total Operation and Maintenance of Equip","515,949","663,436","724,500",
"65000","OTHER CHARGES","","","",
"307","Communication","4,858","7,500","7,500",
"331","Legal Services","150","3,500","3,500",
"415","Electricity","4,432","8,000","8,000",
"454","Water and Sewer","4,454","6,500","6,500",
"505","Judgments","0","0","0",
"Account No.","Description","Actual 2021-2022","Original Estimate 2022-2023","Estimate 2023-2024",
"506","Liability Insurance","50,765","60,000","65,000",
"510","Trustees Commission","35,138","35,000","35,000",
"","Total Other Charges","99,797","120,500","125,500",
"66000","EMPLOYEE BENEFITS","","","",
"201","Social Security","83,230","114,600","114,600",
"204","State Retirement","116,700","145,000","145,000",
"205","Employee and Dependent Insurance","355,561","506,375","550,000",
"210","Unemployment Compensation","6,688","17,000","17,000",
"513","Worker's Compensation Insurance","109,563","146,735","152,000",
"599","Other Charges","1,205","7,500","7,500",
"","Total Employees Benefits","672,947","937,210","986,100",
"68000","CAPITAL OUTLAY","","","",
"705","Bridge Construction","1,244,790","1,600,000","1,600,000",
"708","Communication Equipment","0","4,000","4,000",
"713","Highway Construction","433,695","750,000","1,500,000",
"714","Highway Equipment","0","100,000","100,000",
"718","Motor Vehicles","8,300","35,000","39,000",
"791","Other Construction","24,702","15,000","15,000",
"","Total Capital Outlay","1,711,487","2,504,000","3,258,000",
"","Total Estimated Expenditures","4,771,121","7,099,864","8,563,423",
"99000","OTHER USES","","","",
"99100","Transfers Out","","","",
"590","Transfers to Other Funds","121,087","143,655","143,655",
"","Total Other Uses","121,087","143,655","143,655",
"","Total Estimated Expenditures and Other Uses","4,892,208","7,243,519","8,707,078",
"","Excess of Estimated Revenue Over (Under)","","","",
"","Estimated Expenditures and Other Uses","129,106","1,895","(933,814)",
"","Estimated Beginning Fund Balance July 1","1,857,070","1,986,176","2,100,000",
"","Fund Balance Audit Adjustment","","","",
"","Estimated Ending Fund Balance June 30","1,986,176","1,988,071","1,166,186",
"Account No. Description","Actual 2021-2022","Original Estimate 2022-2023","Estimate 2023-2024",
"ESTIMATED REVENUES","","","",
"40000 Local Taxes","","","",
"40100 County Property Taxes","","","",
"40110 Current Property Taxes","3,121,833","2,953,480","2,974,879",
"40120 Trustee's Collection - Prior Year","70,762","80,000","65,000",
"40125 Trustee's Collection - Bankruptcy","1,595","0","500",
"40130 Circuit/Clerk & Master Collections - Prior Years","46,819","45,000","47,000",
"40140 Interest and Penalty","14,851","21,000","15,000",
"40161 Payments in Lieu of Taxes - TVA","3,036","4,000","4,000",
"40162 Payments in Lieu of Taxes - Local Utilities","6,000","6,000","6,000",
"40200 County Local Option Taxes","","","",
"40210 Local Option Sales Tax","2,656,898","2,350,000","2,455,008",
"40270 Business Tax","44,015","30,000","35,000",
"40300 Statutory Local Taxes","","","",
"40320 Bank Excise Tax","0","0","0",
"40350 Interstate Telecommunication Tax","0","0","0",
"Total Local Taxes","5,965,809","5,489,480","5,602,387",
"41000 Licenses and Permits","","","",
"41100 Licenses","","","",
"41110 Marriage Licenses","1,188","1,300","1,300",
"Total Licenses and Permits","1,188","1,300","1,300",
"43000 Charges for Current Services","","","",
"43500 Education Charges","","","",
"43517 Tuition - Other","2,900","2,000","2,000",
"43570 Receipts from Individual Schools","2,669","30,000","30,000",
"43582 Community Service Fees Adults","150","200","200",
"Total Charges for Current Services","5,719","32,200","32,200",
"44000 Other Local Revenues","","","",
"44100 Recurring Items","","","",
"44110 Investment Income","-420,219","0","0",
"44120 Lease/Rentals","10,602","10,000","10,000",
"44170 Miscellaneous Refunds","44,381","30,000","30,000",
"44500 Nonrecurring Items","","","",
"44530 Sale of Equipment","11,729","15,000","15,000",
"44560 Damages Recovered from Individuals","866","3,000","3,000",
"44570 Contributions and Gifts","18,361","15,000","15,000",
"44990 Other Local Revenues","0","0","0",
"Account No.","Description","Actual 2021-2022","Original Estimate 2022-2023","Estimate 2023-2024",
"","Total Other Local Revenues","-334,280","73,000","73,000",
"","Total Local Revenue","5,638,436","5,595,980","5,708,887",
"46000","State of Tennessee","","","",
"46175","On-Behalf Contributions for OPEB","62,048","35,000","35,000",
"46500","State Education Funds","","","",
"46510","Tennessee Investment in Student Achievement","0","0","23,886,562",
"46511","Basic Education Program","23,020,520","23,031,000","0",
"46515","Early Childhood Education","417,796","417,796","417,796",
"46520","School Food Service","19,518","22,000","22,000",
"46550","Driver Education","434","5,000","5,000",
"46590","Other State Education Funds","296,413","240,000","240,000",
"46591","Coordinated School Health","90,000","90,000","0",
"46594","Family Resource Centers","59,223","59,223","0",
"46610","Career Ladder Program","55,436","45,000","45,000",
"46800","Other State Revenues","","","",
"46851","State Revenue Sharing - TVA","201,011","240,000","230,000",
"46980","Other State Grants","271,914","0","0",
"46981","Safe Schools","85,904","86,560","0",
"46990","Other State Revenues","0","15,000","0",
"","Total State of Tennessee","24,580,217","24,286,579","24,881,358",
"47000","Federal Government","","","",
"47100","Federal Through State","","","",
"47590","Other Federal Through State","117,378","0","0",
"47600","Direct Federal Revenue","","","",
"47640","ROTC Reimbursement","71,503","70,000","70,000",
"","Total Federal Government","188,881","70,000","70,000",
"48000","Other Governments and Citizens Groups","","","",
"48610","Donations","0","0","0",
"48990","Other","64,956","50,000","258,804",
"","Total Other Governments and Citizens Groups","64,956","50,000","258,804",
"","Total Estimated Revenues","30,472,490","30,002,559","30,919,049",
"49000","OTHER SOURCES (NON-REVENUE)","","","",
"49700","Insurance Recovery","0","10,000","10,000",
"49800","Transfers In","3,536","25,000","25,000",
"","Total Other Sources","3,536","35,000","35,000",
"Total","Estimated Revenues & Other Sources","30,476,026","30,037,559","30,954,049",
"Account No. Description","Actual 2021-2022","Original Estimate 2022-2023","Estimate 2023-2024",
"ESTIMATED EXPENDITURES","","","",
"71000 Instruction","","","",
"71100 Regular Instruction Program","","","",
"116 Teachers","9,012,167","9,840,000","10,065,910",
"117 Career Ladder Program","44,755","50,000","45,000",
"128 Homebound Teachers","0","12,000","10,797",
"140 Salary Supplements","320,219","335,602","414,200",
"163 Educational Assistants","350,924","324,240","402,000",
"189 Other Salaries and Wages","384,947","412,120","405,000",
"198 Non-Certified Substitute Teachers","149,459","185,000","185,000",
"201 Social Security","757,909","853,661","1,095,393",
"204 State Retirement","839,112","1,000,000","972,254",
"207 Medical Insurance","1,384,595","1,870,840","2,270,840",
"215 On-behalf Payments to OPEB","19,011","0","0",
"336 Maint and Repair Service - Equipment","16,000","16,000","16,000",
"399 Other Contracted Services","50,747","85,000","85,000",
"429 Instructional Supplies and Materials","145,797","125,000","125,000",
"449 Textbooks","17,743","100,000","175,000",
"499 Other Supplies and Materials","21,039","10,000","10,000",
"599 Other Charges","2,337","0","0",
"722 Regular Instructional Equipment","84,673","100,000","100,000",
"Total Instructional Program","13,601,434","15,319,463","16,377,394",
"71150 Alternative Instruction Program","","","",
"116 Teachers","103,355","150,000","190,000",
"163 Educational Assistants","18,371","20,535","22,900",
"201 Social Security","8,955","13,046","16,287",
"204 State Retirement","10,519","17,906","19,811",
"207 Medical Insurance","13,800","31,600","33,812",
"355 Travel","0","2,500","3,000",
"429 Instructional Supplies and Materials","313","1,000","1,500",
"499 Other Supplies and Materials","1,044","1,500","1,500",
"Total Alternative Schools","156,357","238,087","288,810",
"71200 Special Education Program","","","",
"116 Teachers","1,595,917","1,695,000","1,908,233",
"124 Psychological Personnel","64,000","68,000","77,203",
"128 Homebound Teachers","1,348","24,175","15,000",
"163 Educational Assistants","285,263","342,768","406,000",
"171 Speech Pathologist","184,212","225,858","260,000",
"201 Social Security","156,277","180,219","201,971",
"204 State Retirement","207,500","216,805","237,779",
"207 Medical Insurance","308,625","336,192","359,725",
"399 Other Contracted Services","219,289","240,000","250,000",
"499 Other Supplies and Materials","0","0","5,000",
"Total Special Educational Program","3,022,431","3,329,017","3,720,911",
"Account No. Description","Actual 2021-2022","Original Estimate 2022-2023","Estimate 2023-2024",
"71300 Career and Technical Education Program","","","",
"116 Teachers","698,231","770,000","862,530",
"140 Supplements","12,000","12,000","12,000",
"189 Other Salaries and Wages","0","0","14,000",
"198 Non-Certified Substitute Teachers","15,000","20,000","20,000",
"201 Social Security","53,880","61,353","68,992",
"204 State Retirement","72,684","70,380","75,277",
"207 Medical Insurance","101,032","106,111","121,439",
"307 Communications","0","0","15,000",
"355 Travel","0","0","5,500",
"399 Other Contracted Services","10,720","15,000","20,000",
"429 Instructional Supplies and Materials","0","0","15,500",
"449 Text Books","4,150","75,000","7,000",
"499 Other Supplies and Materials","36,428","20,000","48,000",
"524 Inservice","0","0","3,000",
"599 Other Charges","0","0","9,000",
"730 Vocational Instruction Equipment","47,527","30,000","30,000",
"790 Vocational Other Equipment","0","0","10,000",
"Total Vocational Education Program","1,051,652","1,179,844","1,337,238",
"Total Instruction","17,831,874","20,066,411","21,724,353",
"72000 Support Services","","","",
"72110 Attendance","","","",
"105 Supervisor/Director","19,120","79,240","85,000",
"189 Other Salaries & Wages","31,894","34,150","36,857",
"201 Social Security","3,884","8,674","9,218",
"204 State Retirement","5,780","11,339","8,312",
"207 Medical Insurance","11,208","16,116","17,244",
"355 Travel","1,723","3,000","3,000",
"399 Other Contracted Services","8,873","20,000","20,000",
"499 Other Supplies and Materials","896","2,000","3,000",
"524 In Service/Staff Development","0","1,000","1,000",
"719 Office Equipment","0","5,000","6,000",
"Total Attendance","83,378","180,519","189,631",
"72120 Health Services","","","",
"105 Supervisor/Director","0","0","71,000",
"131 Medical Personnel","157,708","134,462","360,000",
"189 Other Salaries & Wages","106,672","120,000","56,000",
"201 Social security","19,583","19,467","37,248",
"204 State Retirement","24,672","28,111","47,354",
"207 Medical Insurance","35,212","50,082","53,588",
"355 Travel","5,709","5,000","5,000",
"399 Other Contracted Services","3,744","4,000","6,000",
"413 Drugs and Medical Supplies","4,199","4,500","5,500",
"Account No. Description","Actual 2021-2022","Original Estimate 2022-2023","Estimate 2023-2024",
"499 Other Supplies and Materials","2,733","3,000","3,500",
"524 Inservice","394","3,000","5,000",
"599 Other Charges","1,959","9,100","5,000",
"735 Health Equipment","6,342","10,000","5,500",
"Total Health Service","368,927","390,722","660,690",
"72130 Other Student Support","","","",
"123 Guidance Personnel","555,374","620,149","667,000",
"189 Other Salaries and Wages","82,560","85,440","96,184",
"201 Social Security","47,368","53,978","57,566",
"204 State Retirement","63,325","70,559","57,650",
"207 Medical Insurance","66,950","68,289","78,790",
"322 Evaluating and Testing","20,393","40,000","40,000",
"344 Payments to Schools - Other","80,000","80,000","80,000",
"355 Travel","1,851","5,000","5,000",
"399 Other Contracted Services","16,900","25,000","25,000",
"499 Other Supplies and Materials","4,000","4,000","4,000",
"524 Inservice","310","3,000","3,000",
"599 Other Charges","0","0","10,000",
"Total Other Student Support","939,031","1,055,415","1,124,190",
"72210 Regular Instruction Program","","","",
"105 Supervisor/Director","65,583","79,600","45,100",
"129 Librarians","410,738","451,973","475,000",
"161 Secretary(s)","185,699","216,160","220,000",
"162 Clerical Personnel","189,816","216,160","255,000",
"189 Other Salaries and Wages","20,138","19,500","20,000",
"201 Social Security","61,595","75,230","78,803",
"204 State Retirement","91,295","98,339","103,692",
"207 Medical Insurance","153,078","165,995","177,615",
"336 Maint and Repair Services - Equipment","0","4,000","4,000",
"355 Travel","1,796","5,000","5,000",
"399 Other Contracted Services","15,008","16,000","16,000",
"432 Library Books and Media","0","8,000","8,000",
"499 Other Supplies and Materials","301","4,000","6,000",
"524 In-Service/Staff Development","276","2,000","2,000",
"722 Regular Instruction Equipment","0","10,000","10,000",
"790 Other Equipment","49,477","50,000","50,000",
"Total Regular Instruction Program","1,244,800","1,421,957","1,476,210",
"72220 Special Education Program","","","",
"105 Supervisor/Director","67,859","76,000","84,088",
"189 Other Salaries and Wages","0","5,000","5,000",
"196 In-Service Training","594","2,000","2,000",
"201 Social Security","4,870","6,350","6,968",
"204 State Retirement","7,597","8,300","7,742",
"207 Medical Insurance","7,900","7,900","8,100",
"Account No. Description","Actual 2021-2022","Original Estimate 2022-2023","Estimate 2023-2024",
"336 Maint and Repair Services - Equipment","1,057","5,000","5,000",
"355 Travel","6,368","7,500","7,500",
"524 In-Service Training","0","7,000","7,000",
"Total Special Education Program","96,245","125,050","133,398",
"72230 Career and Technical Education Program","","","",
"105 Supervisor/Director","90,112","83,960","173,500",
"189 Other Salaries and Wages","1,082","0","2,000",
"201 Social Security","6,361","6,423","13,426",
"204 State Retirement","8,376","8,396","7,531",
"207 Medical Insurance","7,812","7,900","8,100",
"336 Maint and Repair Services - Equipment","1,200","3,000","3,000",
"355 Travel","1,871","2,000","2,000",
"499 Other Supplies and Materials","2,986","3,000","3,000",
"Total Vocational Education Program","119,800","114,679","212,557",
"72250 Technology","","","",
"105 Supervisor","63,788","68,300","73,713",
"189 Other Salaries and Wages","4,622","10,000","10,000",
"201 Social Security","4,973","5,990","6,197",
"204 State Retirement","7,546","8,636","9,582",
"207 Medical Insurance","7,900","7,900","8,100",
"336 Maint and Repair Services - Equipment","3,030","10,000","10,000",
"350 Internet Connectivity","92,786","100,000","105,000",
"355 Travel","315","2,000","2,000",
"399 Other Contracted Services","73,047","100,000","105,000",
"499 Other Supplies and Materials","672","2,000","2,000",
"722 Regular Instruction Equipment","40,299","197,000","120,000",
"Total Technology","298,978","511,826","451,592",
"72290 Other Programs","","","",
"215 On-Behalf Payments for OPEB","62,048","35,000","35,000",
"Total Other Programs","62,048","35,000","35,000",
"72310 Board of Education","","","",
"191 Board and Committee Members Fees","6,986","13,000","16,800",
"196 In-Service Training","5,316","12,000","12,000",
"201 Social Security","494","1,913","2,203",
"305 Audit Services","27,500","35,000","35,000",
"320 Dues and Memberships","26,482","32,000","32,000",
"331 Legal Services","39,489","40,000","40,000",
"355 Travel","0","0","5,000",
"399 Other Contracted Services","2,447","5,000","17,000",
"506 Liability Insurance","74,292","145,000","150,000",
"510 Trustees Commission","130,500","140,000","140,000",
"513 Workers Compensation Insurance","156,390","250,000","250,000",
"Account No. Description","Actual 2021-2022","Original Estimate 2022-2023","Estimate 2023-2024",
"534 Refund to Applicant for Criminal Investigation","0","1,000","6,200",
"599 Other Charges","7,180","10,000","10,000",
"Total Board of Education","477,076","684,913","716,203",
"72320 Director of Schools","","","",
"101 County Official/Administrative Officer","113,000","115,000","125,000",
"117 Career Ladder Program","1,000","1,000","1,000",
"161 Secretary(s)","87,895","96,800","108,000",
"201 Social Security","15,154","16,279","17,901",
"204 State Retirement","21,231","23,472","24,037",
"207 Medical Insurance","11,900","12,502","14,000",
"307 Communication","2,761","3,000","3,000",
"336 Maint and Repair Services - Equipment","10,119","20,000","20,000",
"348 Postal Charges","0","1,000","1,000",
"355 Travel","2,509","3,400","3,400",
"399 Other Contracted Service","3,710","5,000","5,000",
"435 Office Supplies","925","2,500","2,500",
"499 Other Supplies and Materials","3,328","3,500","3,500",
"599 Other Charges","13,008","0","0",
"Total Office of the Superintendent","286,540","303,453","328,338",
"72410 Office of the Principal","","","",
"104 Principals","651,529","750,000","780,000",
"139 Assistant Principals","498,890","525,000","570,000",
"189 Other Salaries and Wages","67,692","90,000","96,184",
"201 Social Security","90,983","104,423","110,504",
"204 State Retirement","126,257","136,500","125,892",
"207 Medical Insurance","103,508","148,696","158,612",
"348 Postal Charges","1,600","1,600","1,600",
"355 Travel","3,600","3,600","3,600",
"399 Other Contracted Services","133,133","164,000","168,000",
"701 Administration Equipment","0","0","0",
"Total Office of the Principal","1,677,192","1,923,819","2,014,392",
"72510 Fiscal Services","","","",
"399 Other Contracted Services","45,000","50,000","50,000",
"Total Fiscal Services","45,000","50,000","50,000",
"72610 Operation of Plant","","","",
"307 Communication","45,012","50,000","50,000",
"399 Other Contracted Services","593,641","750,000","775,000",
"410 Custodial Supplies","30,860","35,000","38,500",
"415 Electricity","796,499","950,000","975,000",
"434 Natural Gas","105,537","200,000","200,000",
"454 Water and Sewer","239,569","245,000","315,000",
"499 Other Supplies and Materials","1,360","3,500","3,500",
"Account No. Description","Actual 2021-2022","Original Estimate 2022-2023","Estimate 2023-2024",
"501 Boiler Insurance","7,105","10,000","10,000",
"502 Building and Contents Insurance","167,486","190,000","200,000",
"720 Plant Operation Equipment","54,625","0","0",
"Total Operation of Plant","2,041,694","2,433,500","2,567,000",
"72620 Maintenance of Plant","","","",
"105 Supervisor/Director","63,788","68,300","73,713",
"161 Secretary(s)","11,500","12,429","13,489",
"189 Other Salaries and Wages","176,153","240,000","270,000",
"201 Social Security","17,217","24,536","27,275",
"204 State Retirement","27,059","35,376","42,214",
"207 Medical Insurance","41,324","44,829","47,967",
"335 Maint & Repair Services - Building","193,673","316,000","347,600",
"336 Maint & Repair Services - Equipment","216,977","240,000","264,000",
"355 Travel","4,536","5,000","5,000",
"399 Other Contracted Services","170,599","210,000","231,000",
"418 Equipment and Machinery Parts","6,347","7,000","10,000",
"499 Other Supplies and Materials","0","1,000","1,000",
"701 Administrative Equipment","0","110,000","0",
"707 Building Improvements","0","109,600","0",
"717 Maintenance Equipment","0","0","0",
"718 Motor Vehicles","40,000","0","0",
"Total Maintenance of Plant","969,173","1,424,070","1,333,258",
"72710 Transportation","","","",
"105 Supervisor/Director","60,750","65,000","70,203",
"142 Mechanic(s)","78,218","130,138","140,000",
"146 Bus Drivers","628,911","730,000","790,000",
"161 Secretary(s)","11,862","12,970","13,489",
"189 Other Salaries and Wages","3,368","0","0",
"201 Social Security","57,198","71,765","76,612",
"204 State Retirement","96,656","103,473","91,000",
"207 Medical Insurance","89,624","142,576","113,000",
"299 Other Fringe Benefits","10,565","37,500","37,500",
"335 Maintenance and Repair Services - Building","0","5,000","5,000",
"338 Maintenance and Repair Services - Vehicles","14,013","30,000","30,000",
"355 Travel","171","2,500","3,000",
"399 Other Contracted Services","38,585","55,000","60,000",
"412 Diesel Fuel","156,542","250,000","220,000",
"418 Equipment and Machinery Parts","0","2,000","2,000",
"424 Garage Supplies","2,386","3,500","4,000",
"425 Gasoline","39,916","45,000","45,000",
"433 Lubricants","3,787","12,000","12,000",
"442 Propane","47,887","75,000","75,000",
"450 Tires and Tubes","8,123","30,000","30,000",
"453 Vehicles Parts","46,815","120,000","115,000",
"511 Vehicle and Equipment Insurance","43,352","50,000","50,000",
"Account No. Description","Actual 2021-2022","Original Estimate 2022-2023","Estimate 2023-2024",
"599 Other Charges","0","5,000","5,000",
"718 Motor Vehicles","40,000","55,000","80,000",
"729 Transportation Equipment","477,556","372,000","478,500",
"790 Other Equipment","19,394","0","0",
"Total Transportation","1,975,679","2,405,422","2,546,304",
"72810 Central and Other","","","",
"201 Social Security","124","383","383",
"210 Unemployment Compensation","5,513","35,000","35,000",
"299 Other Fringe Benefits","1,677","5,000","5,000",
"316 Contributions","140,000","152,500","152,500",
"399 Other Contracted Services","10,935","35,000","35,000",
"499 Other Supplies and Materials","20,062","30,000","30,000",
"599 Other Charges","1,200","0","148,980",
"Total Central and Other","179,511","257,883","406,863",
"Total Support Services","10,865,072","13,318,228","14,245,626",
"73000 Operation of Non-Instructional Services","","","",
"73100 Food Service","","","",
"105 Supervisor/Director","22,000","32,500","36,000",
"165 Cafeteria Personnel","21,600","0","0",
"201 Social Security","3,335","2,486","2,754",
"204 State Retirement","4,808","3,585","4,262",
"422 Food Supplies","16,246","0","0",
"Total Food Service","67,989","38,571","43,016",
"73300 Community Services","","","",
"105 Supervisor/Director","31,894","34,150","36,900",
"189 Other Salaries and Wages","58,075","62,667","68,000",
"201 Social security","6,768","7,406","8,025",
"204 State Retirement","9,683","10,679","12,420",
"207 Medical Insurance","15,624","18,911","19,289",
"499 Other Supplies and Materials","5,000","5,000","5,000",
"719 Office Equipment","300","5,000","5,000",
"Total Community Services","127,344","143,813","154,634",
"73400 Early Childhood Education","","","",
"105 Supervisor/Director","40,720","42,100","45,100",
"116 Teachers","135,900","205,805","218,000",
"163 Educational Assistants","62,381","74,791","80,000",
"189 Other Salaries and Wages","10,293","12,000","12,000",
"198 Non-Certified Substitute Teachers","640","5,000","5,000",
"201 Social Security","18,719","25,604","27,548",
"204 Retirement","31,541","36,917","32,000",
"Account No. Description","Actual 2021-2022","Original Estimate 2022-2023","Estimate 2023-2024",
"207 Medical Insurance","50,470","51,479","64,940",
"355 Travel","0","500","500",
"399 Other Contracted Services","189","2,000","2,000",
"429 Instructional Supplies and Materials","14,811","10,500","10,500",
"499 Other Supplies and Materials","10,498","10,500","10,500",
"524 Inservice","0","2,000","2,000",
"790 Other Equipment","4,904","15,000","15,000",
"Total Early Childhood Education","381,066","494,196","525,088",
"Total Operation of Non-Instructional Services","576,399","676,580","722,738",
"76000 Capital Outlay","","","",
"76100 Regular Capital Outlay","","","",
"799 Other Capital Outlay","419,567","690,000","2,011,000",
"Total Regular Capital Outlay","419,567","690,000","2,011,000",
"82300 Other Debt Service","","","",
"82330 Education","","","",
"620 Debt Service Contribution to Primary Government","163,284","0","0",
"Total Regular Capital Outlay","163,284","0","0",
"Total Estimated Expenditures","29,856,196","34,751,219","38,703,717",
"99000 ESTIMATED OTHER USES","","","",
"99100 Transfers Out","","","",
"590 Transfers to Other Funds","0","0","0",
"Total Estimated Other Uses","0","0","0",
"Total Estimated Expenditures and Other Uses","29,856,196","34,751,219","38,703,717",
"Excess of Estimated Revenues Over","","","",
"(Under) Estimated Expenditures","619,830","(4,713,660)","(7,749,668)",
"Estimated Beginning Fund Balances July 1","11,496,031","12,115,861","12,015,861",
"Fund Balance Audit Adjustment","","","",
"Estimated Ending Fund Balances June 30","12,115,861","7,402,201","4,266,193",
"Account No Description","Actual 2021-2022","Original Estimated 2022-2023","Estimated 2023-2024",
"ESTIMATED REVENUES","","","",
"43000 CHARGES FOR CURRENT SERVICES","","","",
"43500 Education Charges","","","",
"43521 Lunch Payments Children","0","603,000","540,000",
"43522 Lunch Payments Adults","30,752","75,000","75,000",
"43523 Income from Breakfast","886","55,000","85,000",
"43525 A la Carte Sales","148,619","175,000","175,000",
"Total Charges for Current Services","180,257","908,000","875,000",
"44000 OTHER LOCAL REVENUES","","","",
"44100 Recurring Items","","","",
"44110 Investment Income","129","0","1,000",
"44500 Non-Recurring Items","","","",
"44530 Sale of Equipment","9","0","0",
"Total Other Local Revenues","138","0","1,000",
"46000 STATE OF TENNESSEE","","","",
"46800 Other State Revenue","","","",
"46980 Other State Grants","0","0","0",
"46990 Other State Revenue","0","0","0",
"Total State of Tennessee","0","0","0",
"47000 FEDERAL GOVERNMENT","","","",
"47100 Federal Through State","","","",
"47111 USDA School Lunch Program","1,734,832","873,000","1,035,000",
"47112 USDA-Commodities","88,791","0","0",
"47113 Breakfast","594,213","540,000","540,000",
"47114 USDA-Other","14,181","15,000","35,970",
"Total Federal Government","2,432,017","1,428,000","1,610,970",
"TOTAL ESTIMATED REVENUE","2,612,412","2,336,000","2,486,970",
"49000 ESTIMATED OTHER SOURCES(NON-REVENUE)","","","",
"49800 Transfer In","0","0","0",
"TOTAL ESTIMATE OTHER SOURCES","0","0","0",
"TOTAL ESTIMATED REVENUE AND OTHER SOURCE","2,612,412","2,336,000","2,486,970",
"Account No Description","Actual 2021-2022","Estimated 2022-2023","Estimated 2023-2024",
"73000 OPERATION OF NON-INSTRUCTIONAL SERVICES","","","",
"73100 Food Services","","","",
"105 Supervisor/Director","37,000","37,000","37,000",
"119 Accountants/Bookkeeper","123,980","131,000","155,000",
"165 Cafeteria Personnel","467,363","546,000","657,000",
"201 Social Security","46,821","54,000","64,948",
"204 State Retirement","64,805","75,000","100,522",
"207 Medical Insurance","45,000","48,000","135,000",
"307 Communication","2,941","3,000","3,500",
"336 Maint & Repair Services - Equipment","52,225","59,000","59,000",
"354 Transportation - Other than Students","3,593","5,000","5,000",
"355 Travel","3,077","3,000","4,000",
"399 Other Contracted Services","64,862","59,000","59,000",
"422 Food Supplies","909,989","1,113,000","1,213,000",
"422-SCA Food Supplies-Supply Chain","0","0","0",
"452 Utilities","1,257","3,000","3,000",
"469 USDA-Commodities","88,791","0","0",
"499 Other Supplies and Materials","98,431","125,000","198,024",
"599 Other Charges","14,259","25,000","25,000",
"710 Food Service Equipment","4,484","50,000","180,500",
"Total Food Service","2,028,878","2,336,000","2,899,494",
"Total Estimated Expenditures","2,028,878","2,336,000","2,899,494",
"Excess of Estimated Revenues Over","","","",
"(Under) Estimated Expenditures","583,534","0","(412,524)",
"Estimated Beginning Fund Balance July 1","507,546","1,091,080","412,524",
"Estimated Ending Fund Balance June 30","1,091,080","1,091,080","0",
"Account No. Description","Actual 2021-2022","Original Estimated 2022-2023","Estimated 2023-2024",
"ESTIMATED REVENUES","","","",
"40000 LOCAL TAXES","","","",
"40100 County Property Taxes","","","",
"40110 Current Property Taxes","86,724","82,069","85,582",
"40120 Trustee's Collection-Prior Year","2,996","3,500","3,000",
"40125 Trustee's Collection-Bankruptcy","68","100","100",
"40130 Circuit/Clerk & Master Coll-Prior Years","1,922","1,500","1,500",
"40140 Interest & Penalty","560","500","500",
"40161 Payments in lieu of Taxes-TVA","89","150","150",
"Total County Property Taxes","92,359","87,819","90,832",
"40200 County Local Option Taxes","","","",
"40210 Local Option Sales Taxes","1,676,893","1,600,000","1,700,000",
"40240 Wheel Tax","829,496","804,000","850,000",
"40270 Business Tax","1,226","2,000","1,300",
"Total County Local Option Taxes","2,507,615","2,406,000","2,551,300",
"Total Local Taxes","2,599,974","2,493,819","2,642,132",
"44000 OTHER LOCAL REVENUES","","","",
"44100 Recurring Items","","","",
"44110 Investment Income","15,478","6,500","300,000",
"Total Recurring Items","15,478","6,500","300,000",
"44500 Nonrecurring Items","","","",
"44990 Other Local Revenue","0","0","0",
"Total Nonrecurring Items","0","0","0",
"Total Other Local Revenues","15,478","6,500","300,000",
"46000 STATE OF TENNESSEE","","","",
"46800 Other State Revenues","","","",
"46851 State Revenue Sharing-TVA","5,584","9,418","6,312",
"Total State of Tennessee","5,584","9,418","6,312",
"Account No. Description","Actual 2021-2022","Original Estimated 2022-2023","Estimated 2023-2024",
"48130 Contributions","163,284","0","27,219",
"Total Other Governments and Citizens Groups","163,284","0","27,219",
"Total Estimated Revenues","2,784,320","2,509,737","2,975,663",
"49000 ESTIMATED OTHER SOURCES","","","",
"49200 Notes Issued","0","0","0",
"49800 Transfers In","501,802","488,655","296,975",
"Total Estimated Other Sources","501,802","488,655","296,975",
"Total Estimated Revenues and Other Sources","3,286,122","2,998,392","3,272,638",
"ESTIMATED EXPENDITURES","","","",
"82100 PRINCIPAL ON DEBT","","","",
"82110 General Government","","","",
"602 Principal on Notes","123,095","128,355","133,707",
"612 Principal on Other Loans","412,000","427,000","443,780",
"Total General Government","535,095","555,355","577,487",
"82120 Highways and Streets","","","",
"602 Principal on Notes","71,300","159,100","164,100",
"Total Highways and Streets","71,300","159,100","164,100",
"82130 Education","","","",
"612 Principal on Other Loans","1,661,212","1,697,424","1,449,147",
"Total Education","1,661,212","1,697,424","1,449,147",
"Total Principal Payments","2,267,607","2,411,879","2,190,734",
"82200 INTEREST ON DEBT","","","",
"82210 General Government","","","",
"604 Interest on Notes","61,084","55,826","50,473",
"613 Interest on Other Loans","36,853","135,483","110,981",
"Total General Government","97,937","191,309","161,454",
"82220 Highway and Streets","","","",
"604 Interest on Notes","14,787","36,751","32,875",
"Total Highways and Streets","14,787","36,751","32,875",
"Account No. Description","Actual 2021-2022","Original Estimated 2022-2023","Estimated 2023-2024",
"82230 Education","","","",
"613 Interest on other Loans","129,762","338,009","297,230",
"Total Education","129,762","338,009","297,230",
"82300 OTHER DEBT SERVICE","","","",
"82310 General Government","","","",
"510 Trustees Commission","26,774","45,000","45,000",
"699 Other Debt Service","25,498","24,026","21,608",
"Total General Government","52,272","69,026","66,608",
"82320 Highway and Streets","","","",
"699 Other Debt Service","0","0","0",
"Total Highways and Streets","0","0","0",
"82330 Education","","","",
"699 Other Debt Service","61,101","54,591","47,578",
"Total Education","61,101","54,591","47,578",
"Total Interest Payments","355,859","689,686","605,745",
"Total Principal and Interest Payments","2,623,466","3,101,565","2,796,479",
"99000 OTHER USES","","","",
"99100 Transfers Out","","","",
"590 Transfers to Other Funds","0","0","0",
"Total Estimated Other Uses","0","0","0",
"Total Estimated Expenditures and Other Uses","2,623,466","3,101,565","2,796,479",
"Excess of Estimated Revenues and Other Sources Over","","","",
"(Under) Estimated Expenditures and Other Uses","662,656","(103,173)","476,159",
"Estimated Beginning Fund Balance, July 1","2,621,057","3,283,713","3,900,000",
"Fund Balance Audit Adjustment","","","",
"Estimated Ending fund Balance, June 30","3,283,713","3,180,540","4,376,159",
"Account No.","Description","Actual 2021-2022","Original Estimated 2022-2023","Estimated 2023-2024",
"","ESTIMATED REVENUE","","","",
"","OPERATING REVENUE","","","",
"43000","CHARGES FOR CURRENT SERVICES","","","",
"43100","General Services Charges","","","",
"43106","Commercial & Industrial Collection Charge","166,455","130,000","140,000",
"43107","Residential Waste Collection Charge","144,909","150,000","100,000",
"43110","Tipping Fees","71,424","50,000","50,000",
"43114","Solid Waste Disposal Fee","859,677","840,000","850,000",
"43350","Copy Fees","0","0","0",
"","Total Charges for Current Services","1,242,465","1,170,000","1,140,000",
"44000","OTHER LOCAL REVENUES","","","",
"44100","Recurring Items","","","",
"44110","Investment Income","593","6,000","6,000",
"44120","Lease/Rentals","73,915","65,000","65,000",
"44145","Sale of Recycled Materials","236,297","140,000","100,000",
"44170","Miscellaneous Refunds","0","0","0",
"","Total Recurring Items","310,805","211,000","171,000",
"44500","Non-Recurring Items","","","",
"44530","Sale of Equipment","0","5,000","15,000",
"","Total Non-Recurring Items","0","5,000","15,000",
"","Total Other Local Revenues","310,805","216,000","186,000",
"46000","STATE OF TENNESSEE","","","",
"46400","Public Works Grants","","","",
"46430","Litter Program","36,408","49,300","49,300",
"","Total Public Works Grants","36,408","49,300","49,300",
"46800","Other State Revenues","","","",
"46990","Other State Revenues","0","9,500","9,000",
"","Total Other State Revenues","0","9,500","9,000",
"","Total State of Tennessee","36,408","58,800","58,300",
"47000","FEDERAL GOVERNMENT","","","",
"47100","Federal Through State","","","",
"47235","Homeland Security Grants","0","0","0",
"Account No.","Description","Actual 2021-2022","Original Estimated 2022-2023","Estimated 2023-2024",
"","Total Federal Through State","0","0","0",
"","Total Federal Government","0","0","0",
"48000","OTHER GOVERNMENTS AND CITIZENS","GROUPS","","",
"48100","Other Governments","","","",
"48140","Contracted Services","196,438","284,760","245,000",
"","Total Other Governments","196,438","284,760","245,000",
"49000","Non-Revenue","","","",
"49100","Bonds Issured","354,000","0","0",
"49700","Insurance Recovery","0","0","0",
"49800","Transfer In","0","0","0",
"","Total Estimated Revenues","2,140,116","1,729,560","1,629,300",
"","ESTIMATED EXPENDITURES","","","",
"55000","PUBLIC HEALTH AND WELFARE","","","",
"55710","Sanitation Management","","","",
"105","Supervisor/Director","60,025","60,006","63,007",
"106","Deputy(ies)","33,480","36,126","37,933",
"121","Data Processing Personnel","23,208","23,796","28,392",
"140","Salary Supplements","375","750","1,125",
"143","Equipment Operators","77,037","75,821","79,608",
"144","Equipment Operators-Heavy","37,682","39,868","41,868",
"149","Laborers","68,084","120,000","126,000",
"162","Clerical Personnel","30,944","32,723","34,360",
"169","Part-Time Personnel","126,270","120,000","124,817",
"186","Longevity Pay","13,400","11,300","11,700",
"187","Overtime Pay","20,826","14,000","20,000",
"188","Bonus Payments","13,500","0","0",
"201","Social Security","38,340","43,063","44,000",
"204","State Retirement","20,441","57,000","57,000",
"207","Medical Insurance","98,821","130,000","130,000",
"302","Advertising","39","2,500","2,500",
"307","Communication","8,141","7,000","8,000",
"309","Contracts with Government Agencies","18,630","10,000","10,000",
"315","Contracts with Vehicle Owners","0","0","0",
"317","Data Processing Services","5,427","7,200","7,200",
"318","Debt Collection Services","12,578","9,000","9,000",
"331","Legal Services","0","1,000","1,000",
"332","Legal Notices, Recording, and Court Cost","285","1,500","1,500",
"335","Maintenance and Repair Services - Buildings","7,042","7,000","15,000",
"336","Maintenance & Repair Services - Equipment","30,924","38,000","60,000",
"338","Maintenance & Repair Services - Vehicles","19,605","18,000","25,000",
"347 Pest","Control","1,485","1,700","1,800",
"348","Postal Charges","3,950","5,500","5,700",
"Account No.","Description","Actual 2021-2022","Original Estimated 2022-2023","Estimated 2023-2024",
"349","Printing, Stationery and Forms","271","1,800","2,000",
"351","Rentals","0","4,000","20,000",
"355","Travel","1,412","2,000","2,500",
"359","Disposal Fees","668,958","580,000","600,000",
"399","Other Contracted Services","5,102","5,000","5,000",
"410","Custodial Supplies","2,106","1,800","1,800",
"412","Diesel Fuel","61,635","42,000","95,000",
"415","Electricity","15,867","19,000","19,000",
"420","Fertilizer, Lime Chemicals and Seed","0","1,000","2,000",
"425","Gasoline","3,548","4,000","8,000",
"433","Lubricants","1,716","4,000","5,000",
"435","Office Supplies","2,506","3,000","4,000",
"436","Other Road Materials","0","1,000","5,000",
"446","Small Tools","459","2,000","2,000",
"450","Tires and Tubes","6,313","12,000","15,000",
"451","Uniforms","5,026","5,000","5,000",
"452","Utilities","8,563","8,000","18,000",
"462","Wire","4,198","4,000","7,000",
"463","Testing","1,471","13,000","15,000",
"499","Other Supplies and Materials","2,234","4,000","5,000",
"510","Trustees Commission","14,466","15,000","18,000",
"514","Depreciation","95,929","45,171","45,171",
"517","Surcharge","5,500","6,000","9,000",
"524","In Service/Staff Development","499","650","650",
"612","Principal on Other Loans","73,000","75,000","77,000",
"613","Interest on Other Loans","1,534","21,970","20,193",
"718","Motor Vehicles","0","0","0",
"719","Office Equipment","3,993","3,000","5,000",
"733","Solid Waste Equipment","0","0","0",
"791","Other Construction","1,370","15,000","15,000",
"","Total Sanitation Management","1,758,215","1,771,244","1,972,824",
"60000","HIGHWAYS","","","",
"64000","Litter and Trash Collection","","","",
"105","Supervisor/Director","24,066","25,900","25,900",
"429","Instructional Supply and Materials","12,325","12,325","12,325",
"599","Other Charges","5,104","11,075","11,075",
"","Total Litter and Trash Collection","41,495","49,300","49,300",
"90000","CAPITAL PROJECTS","","","",
"91140","Public Health and Welfare Projects","","","",
"606","Other Debt Issuance Charge","6,000","0","0",
"799","Other Capital Outlay-Reserve","144,974","56,000","56,000",
"799-LOAN","Other Capital Outlay-Loan","9,557","0","0",
"","Total Public Health and Welfare Projects","160,531","56,000","56,000",
"Total","Estimated Expenditures","1,960,241","1,876,544","2,078,124",
"Account No.","Description","Actual 2021-2022","Original Estimated 2022-2023","Estimated 2023-2024",
"","Excess of Estimated Revenue Over (under)","","","",
"","Estimated Expenditures","179,875","(146,984)","(448,824)",
"","Estimated Beginning Fund Balance July 1","698,086","877,961","700,000",
"","Fund Balance Audit Adjustment","","","",
"","Estimated Ending Fund Balance June 30","877,961","730,977","251,176",
